PU_Borough,PU_Zone,pickup_hour,trip_count,avg_fare,avg_distance,avg_duration_min
Manhattan,Upper East Side South,15,73020,13.8,1.62,14.01
Manhattan,Upper East Side South,14,72253,13.8,1.69,13.78
Manhattan,Upper East Side South,17,71818,13.49,1.63,13.49
Manhattan,Midtown Center,18,71572,15.81,1.93,16.16
Manhattan,Upper East Side South,16,70716,13.79,1.65,14.01
Manhattan,Midtown Center,17,70445,16.98,2.04,17.86
Manhattan,Upper East Side South,18,68868,12.86,1.62,12.44
Manhattan,Upper East Side North,15,68510,13.79,1.7,13.76
Queens,JFK Airport,16,66779,67.91,16.43,58.23
Queens,JFK Airport,20,64975,61.96,15.62,35.87
Manhattan,Upper East Side South,13,64207,13.59,1.64,13.3
Manhattan,Midtown Center,19,64016,15.07,1.99,14.8
Manhattan,Midtown Center,16,62924,17.24,2.13,17.95
Manhattan,Upper East Side North,17,62715,13.46,1.75,13.07
Manhattan,Upper East Side South,12,62230,13.46,1.6,13.17
Queens,JFK Airport,19,61655,64.05,15.96,40.48
Queens,JFK Airport,22,61517,59.66,14.99,31.23
Manhattan,Upper East Side North,16,61222,13.79,1.74,13.66
Queens,JFK Airport,21,60864,59.46,15.01,31.92
Queens,JFK Airport,15,60547,67.51,16.05,57.31
Manhattan,Upper East Side North,18,59959,12.84,1.73,12.06
Manhattan,Upper East Side North,14,59622,13.68,1.89,13.19
Manhattan,Upper East Side North,12,59033,13.67,1.75,13.12
Manhattan,Midtown Center,20,57371,15.05,2.17,14.14
Manhattan,Midtown East,18,57293,15.55,1.97,15.74
Manhattan,Midtown Center,15,56667,17.76,2.24,18.18
Queens,JFK Airport,17,56418,66.87,16.22,53.66
Manhattan,Upper East Side North,13,56099,13.63,1.79,12.95
Manhattan,Upper East Side South,19,55936,12.46,1.69,11.51
Manhattan,Upper East Side South,11,55100,13.38,1.61,12.96
Manhattan,Midtown Center,14,54107,18.63,2.43,18.55
Manhattan,Upper East Side North,11,53818,13.79,1.76,13.29
Queens,JFK Airport,18,53713,65.12,16.03,46.58
Manhattan,Midtown East,17,53615,16.8,2.08,17.53
Queens,JFK Airport,23,52792,59.46,14.89,30.76
Manhattan,Midtown Center,21,51847,14.95,2.22,13.69
Queens,JFK Airport,14,51166,66.28,15.96,55.45
Manhattan,Upper East Side South,21,49868,12.53,1.87,10.87
Manhattan,Upper East Side North,10,49679,12.74,1.73,11.75
Manhattan,Upper East Side South,20,49331,12.45,1.8,11.07
Manhattan,Midtown Center,13,48784,18.31,2.41,17.89
Manhattan,Upper East Side South,10,47717,12.73,1.57,12.03
Manhattan,Lincoln Square East,21,47552,14.38,2.26,12.83
Manhattan,Midtown East,19,47550,14.72,2.04,14.11
Manhattan,Upper East Side North,9,47131,13.06,1.85,11.84
Manhattan,Times Sq/Theatre District,21,46559,15.72,2.3,14.72
Manhattan,Lincoln Square East,22,45990,15.07,2.4,13.43
Manhattan,Midtown Center,12,45177,18.13,2.39,17.56
Manhattan,Times Sq/Theatre District,22,44181,16.09,2.38,14.99
Queens,LaGuardia Airport,14,44003,48.42,9.67,38.47
Manhattan,Midtown North,18,43765,14.92,1.86,14.95
Manhattan,Upper East Side North,8,43687,13.57,1.99,12.23
Manhattan,Midtown East,16,42904,17.28,2.2,17.86
Manhattan,Lincoln Square East,18,42688,13.35,1.82,12.63
Queens,LaGuardia Airport,15,42567,48.7,9.55,39.72
Manhattan,Upper East Side North,19,42318,12.31,1.76,11.03
Manhattan,Upper East Side South,9,41669,12.45,1.58,11.52
Manhattan,Midtown Center,22,41016,15.15,2.29,13.71
Manhattan,Times Sq/Theatre District,18,40724,16.6,2.11,16.48
Manhattan,Midtown Center,11,40689,17.86,2.42,16.99
Manhattan,Midtown North,17,40207,16.17,1.99,16.59
Manhattan,Times Sq/Theatre District,17,40198,18.51,2.42,18.81
Manhattan,Penn Station/Madison Sq West,18,39944,17.42,2.2,17.87
Manhattan,Midtown East,20,39836,14.73,2.2,13.5
Manhattan,Lincoln Square East,17,39739,13.94,1.85,13.53
Manhattan,Penn Station/Madison Sq West,17,39735,18.1,2.2,19.14
Manhattan,Penn Station/Madison Sq West,13,39197,19.27,2.25,20.46
Queens,JFK Airport,13,38517,65.36,16.03,48.54
Manhattan,Penn Station/Madison Sq West,11,38177,18.57,2.1,19.64
Manhattan,Penn Station/Madison Sq West,19,37575,17.2,2.3,17.14
Manhattan,Midtown East,15,37541,17.73,2.29,18.01
Queens,LaGuardia Airport,16,37442,47.95,9.5,38.62
Manhattan,Union Sq,18,37185,14.31,1.82,14.44
Queens,JFK Airport,0,37115,58.72,14.75,28.76
Manhattan,Times Sq/Theatre District,16,36831,19.93,2.77,20.09
Manhattan,Midtown East,14,36466,18.24,2.38,18.32
Queens,LaGuardia Airport,21,36438,41.73,9.54,23.38
Manhattan,Penn Station/Madison Sq West,21,36235,17.06,2.49,16.3
Manhattan,Midtown North,19,36201,14.4,1.9,13.97
Manhattan,Times Sq/Theatre District,20,36103,15.4,2.21,14.53
Queens,LaGuardia Airport,17,36026,46.51,9.45,36.1
Manhattan,Lincoln Square East,16,35869,14.34,1.94,14.07
Queens,LaGuardia Airport,19,35678,43.06,9.56,26.86
Manhattan,Union Sq,19,35498,14.12,1.89,13.77
Manhattan,Penn Station/Madison Sq West,12,35434,18.96,2.16,20.13
Manhattan,Upper East Side South,22,35386,12.99,1.97,11.25
Manhattan,Lincoln Square East,19,35351,13.07,1.86,12.05
Manhattan,Times Sq/Theatre District,19,35264,15.66,2.08,15.15
Manhattan,Lincoln Square East,15,35241,14.52,1.99,14.28
Manhattan,Upper East Side South,8,35206,12.05,1.61,10.77
Manhattan,Union Sq,17,35088,15.01,1.85,15.59
Manhattan,Murray Hill,18,35008,15.34,2.0,15.28
Manhattan,Midtown North,16,34999,16.89,2.17,17.16
Queens,LaGuardia Airport,18,34897,44.9,9.54,31.59
Manhattan,Penn Station/Madison Sq West,14,34880,18.99,2.32,20.01
Manhattan,Penn Station/Madison Sq West,15,34754,19.17,2.34,20.25
Queens,LaGuardia Airport,20,34727,41.98,9.53,24.24
Manhattan,Midtown East,13,34638,18.04,2.36,17.83
Manhattan,Upper West Side South,17,34636,13.28,1.83,12.53
Manhattan,Lincoln Square East,20,34468,13.51,2.06,12.11
Manhattan,Union Sq,20,34433,14.47,2.04,13.87
Manhattan,Penn Station/Madison Sq West,22,34291,17.59,2.64,16.47
Manhattan,Penn Station/Madison Sq West,16,34177,18.76,2.28,20.04
Manhattan,East Chelsea,18,34158,16.43,2.23,16.43
Manhattan,Murray Hill,17,34157,16.58,2.13,17.13
Manhattan,Penn Station/Madison Sq West,10,34093,17.74,2.02,18.67
Queens,LaGuardia Airport,23,34035,40.68,9.38,21.81
Manhattan,Midtown East,21,34017,14.71,2.27,13.08
Manhattan,Midtown East,12,33999,17.55,2.27,17.25
Manhattan,Union Sq,21,33840,14.9,2.18,14.07
Manhattan,Lincoln Square East,14,33817,14.42,1.99,13.82
Manhattan,Upper West Side South,14,33605,14.11,2.0,13.21
Manhattan,Upper West Side South,15,33528,13.83,1.89,13.15
Manhattan,Penn Station/Madison Sq West,20,33516,17.08,2.4,16.59
Manhattan,Upper West Side South,18,33453,12.75,1.77,11.8
Manhattan,Midtown North,21,32784,14.55,2.17,13.31
Manhattan,Midtown East,11,32735,17.16,2.22,16.88
Manhattan,Midtown Center,10,32711,17.55,2.35,16.53
Manhattan,Penn Station/Madison Sq West,9,32682,15.52,1.85,15.64
Manhattan,Upper West Side South,13,32618,14.1,2.03,13.03
Manhattan,Midtown North,15,32455,17.23,2.25,17.1
Manhattan,Upper West Side South,16,32410,13.77,1.9,13.12
Queens,LaGuardia Airport,22,32372,41.27,9.46,22.57
Queens,LaGuardia Airport,10,32348,48.23,11.07,37.36
Manhattan,East Chelsea,17,32345,17.31,2.32,17.83
Manhattan,Upper East Side North,20,32288,12.46,1.9,10.67
Manhattan,Midtown North,14,32224,17.87,2.39,17.39
Manhattan,Upper West Side South,12,31912,13.98,2.0,12.95
Manhattan,Lincoln Square East,13,31796,14.25,1.98,13.45
Manhattan,Union Sq,16,31728,15.36,1.88,15.99
Manhattan,Murray Hill,19,31693,14.7,2.12,13.94
Manhattan,Murray Hill,16,31150,17.62,2.35,18.1
Manhattan,East Chelsea,19,31145,16.34,2.33,15.8
Manhattan,Clinton East,21,31119,15.18,2.35,13.56
Manhattan,Lincoln Square East,12,31110,14.36,2.0,13.54
Manhattan,Clinton East,22,31079,15.62,2.46,13.86
Queens,LaGuardia Airport,13,30707,47.35,9.72,34.35
Manhattan,East Village,22,30580,15.52,2.37,14.28
Queens,LaGuardia Airport,12,30331,47.61,9.92,34.21
Manhattan,Midtown North,20,30329,14.42,2.06,13.45
Manhattan,Midtown East,10,30131,16.59,2.15,16.13
Manhattan,Midtown North,13,30070,17.82,2.44,16.99
Queens,JFK Airport,12,30039,64.24,15.84,44.89
Manhattan,Midtown North,22,29906,14.93,2.24,13.63
Manhattan,East Village,21,29879,15.66,2.37,14.64
Manhattan,Union Sq,15,29805,15.73,1.94,16.32
Manhattan,East Village,23,29769,14.91,2.33,13.39
Manhattan,Upper East Side North,7,29768,13.04,2.21,10.33
Manhattan,Murray Hill,14,29659,17.95,2.42,18.22
Manhattan,Lenox Hill West,18,29609,12.84,1.73,12.31
Manhattan,Murray Hill,15,29577,17.76,2.38,18.35
Manhattan,West Village,21,29450,15.71,2.28,15.05
Manhattan,Times Sq/Theatre District,15,29413,21.2,3.13,20.22
Manhattan,East Village,0,29327,14.5,2.33,12.55
Manhattan,Upper West Side South,11,29073,13.92,1.97,12.83
Manhattan,West Village,22,28895,15.62,2.29,14.79
Manhattan,Murray Hill,12,28854,17.27,2.29,17.19
Manhattan,East Chelsea,20,28778,16.44,2.43,15.62
Manhattan,Lenox Hill West,17,28744,13.18,1.7,13.06
Manhattan,Murray Hill,13,28695,17.71,2.37,17.61
Manhattan,Lenox Hill East,15,28668,16.88,2.43,17.83
Manhattan,Union Sq,14,28649,16.01,1.99,16.6
Manhattan,West Village,23,28475,15.1,2.32,13.88
Manhattan,Lincoln Square East,23,28212,15.2,2.53,13.17
Manhattan,East Chelsea,16,28175,18.01,2.43,18.75
Manhattan,Midtown North,12,28141,17.75,2.42,16.79
Manhattan,Lincoln Square East,11,28094,14.31,1.98,13.42
Manhattan,Murray Hill,20,28092,14.67,2.18,13.43
Queens,LaGuardia Airport,11,28073,48.46,9.88,35.83
Manhattan,Lenox Hill East,16,27986,16.15,2.35,16.98
Manhattan,Midtown East,9,27873,15.86,2.1,15.06
Manhattan,Lenox Hill West,15,27727,13.64,1.69,13.75
Manhattan,East Chelsea,15,27707,18.42,2.46,19.02
Manhattan,Penn Station/Madison Sq West,8,27688,13.92,1.75,13.51
Manhattan,Union Sq,22,27687,14.86,2.23,13.77
Manhattan,East Chelsea,21,27597,16.98,2.59,15.89
Manhattan,East Chelsea,13,27365,19.1,2.51,19.68
Manhattan,Upper West Side South,10,27323,13.79,1.98,12.55
Manhattan,Upper West Side South,19,27269,12.54,1.85,11.15
Manhattan,Lenox Hill West,14,27266,13.67,1.74,13.53
Manhattan,Murray Hill,11,27265,16.73,2.24,16.65
Manhattan,East Chelsea,14,27208,18.95,2.57,19.49
Manhattan,Lenox Hill East,17,27084,15.27,2.22,15.41
Manhattan,East Village,1,26757,14.32,2.35,12.29
Manhattan,Times Sq/Theatre District,14,26659,23.6,3.71,21.39
Manhattan,Midtown South,18,26658,15.2,2.26,15.05
Manhattan,Lenox Hill East,14,26534,16.76,2.67,17.21
Manhattan,Midtown Center,9,26384,17.18,2.36,15.69
Manhattan,Upper East Side North,21,26370,12.85,2.01,10.78
Manhattan,West Chelsea/Hudson Yards,18,26364,16.14,2.18,15.96
Manhattan,Upper West Side North,15,26329,13.87,1.92,13.37
Manhattan,Times Sq/Theatre District,23,26246,16.17,2.52,14.47
Manhattan,Lenox Hill West,12,26225,13.49,1.73,13.14
Manhattan,West Chelsea/Hudson Yards,17,26075,16.59,2.17,16.81
Manhattan,Lenox Hill West,16,26024,13.53,1.73,13.55
Manhattan,Union Sq,13,25964,15.88,1.95,16.35
Manhattan,Times Sq/Theatre District,13,25942,23.04,3.65,20.51
Manhattan,Lenox Hill West,13,25874,13.65,1.76,13.25
Manhattan,Midtown North,11,25863,17.54,2.4,16.46
Manhattan,Times Sq/Theatre District,11,25712,22.56,3.59,19.5
Manhattan,Murray Hill,10,25595,16.18,2.2,15.88
Manhattan,Lincoln Square East,10,25540,13.98,1.94,13.08
Manhattan,Clinton East,18,25322,14.72,1.97,14.16
Manhattan,Times Sq/Theatre District,12,25251,23.19,3.7,20.29
Manhattan,Central Park,15,25143,16.28,2.07,16.46
Manhattan,Lenox Hill West,19,25124,12.47,1.8,11.33
Manhattan,Midtown East,22,24937,14.64,2.3,12.84
Manhattan,Midtown South,17,24925,16.56,2.13,16.88
Manhattan,West Village,20,24887,15.23,2.13,14.85
Manhattan,Midtown South,19,24785,14.6,1.96,14.06
Manhattan,Lenox Hill East,12,24705,16.48,2.39,16.34
Manhattan,Lenox Hill West,11,24512,13.37,1.7,12.86
Manhattan,Clinton East,20,24475,14.68,2.2,13.32
Manhattan,West Village,0,24450,14.76,2.32,13.17
Queens,JFK Airport,7,24280,62.41,14.72,50.31
Manhattan,Central Park,16,24279,16.53,2.1,16.85
Queens,LaGuardia Airport,9,24244,48.35,10.04,38.36
Manhattan,Times Sq/Theatre District,10,24233,21.55,3.44,18.35
Manhattan,Murray Hill,21,24228,14.8,2.25,13.08
Manhattan,East Chelsea,11,24053,18.86,2.37,19.58
Manhattan,East Chelsea,12,24043,18.88,2.42,19.42
Manhattan,Lenox Hill East,11,23909,16.41,2.37,16.19
Manhattan,Lenox Hill East,13,23854,16.61,2.44,16.47
Manhattan,East Village,20,23803,14.8,2.17,13.92
Manhattan,Upper West Side South,21,23549,13.15,2.08,11.2
Queens,JFK Airport,11,23532,63.45,15.63,44.43
Manhattan,East Chelsea,22,23511,17.35,2.74,15.79
Manhattan,Central Park,14,23507,16.18,2.1,16.06
Manhattan,Midtown Center,23,23481,14.9,2.33,13.07
Manhattan,Lenox Hill East,18,23462,14.74,2.25,14.12
Manhattan,West Chelsea/Hudson Yards,16,23385,17.11,2.25,17.31
Manhattan,Midtown South,20,23384,14.96,2.15,14.12
Manhattan,Clinton East,19,23307,14.28,1.99,13.4
Manhattan,Upper West Side North,17,23267,13.04,1.89,12.04
Manhattan,Union Sq,12,23262,15.67,1.9,16.05
Manhattan,Midtown South,21,23253,15.24,2.26,14.07
Manhattan,Penn Station/Madison Sq West,7,23240,12.35,1.75,10.98
Manhattan,Lenox Hill West,10,23198,13.04,1.73,12.18
Manhattan,Upper West Side South,20,23154,12.43,1.92,10.62
Manhattan,Upper West Side North,14,23147,13.94,2.01,13.0
Manhattan,Midtown East,8,23119,14.78,2.11,13.23
Manhattan,Clinton East,17,22876,15.76,2.14,15.73
Manhattan,Upper East Side South,7,22790,12.21,1.81,10.29
Manhattan,West Chelsea/Hudson Yards,19,22697,15.91,2.24,15.21
Manhattan,Upper West Side North,12,22671,13.74,1.99,12.66
Manhattan,Murray Hill,9,22665,15.18,2.02,14.41
Manhattan,Upper West Side North,18,22658,12.95,1.9,11.76
Manhattan,Penn Station/Madison Sq West,23,22611,17.38,2.75,15.55
Manhattan,Upper West Side South,9,22605,14.14,2.12,12.69
Manhattan,Lenox Hill East,10,22471,15.76,2.34,14.76
Queens,JFK Airport,10,22466,60.58,14.75,42.21
Manhattan,Gramercy,18,22460,14.62,1.97,14.55
Queens,JFK Airport,6,22411,57.29,13.82,38.79
Manhattan,West Chelsea/Hudson Yards,15,22363,17.33,2.3,17.41
Manhattan,Midtown South,22,22136,15.2,2.47,13.78
Manhattan,Upper West Side North,11,22134,13.88,2.0,12.81
Manhattan,Yorkville West,18,21900,12.96,1.89,11.92
Manhattan,Sutton Place/Turtle Bay North,18,21856,14.31,1.82,14.27
Manhattan,Midtown North,10,21848,17.42,2.47,15.94
Manhattan,Gramercy,21,21829,14.58,2.17,13.48
Queens,JFK Airport,8,21819,61.8,14.95,47.06
Manhattan,Midtown South,16,21805,17.37,2.3,17.74
Manhattan,Upper West Side North,10,21757,13.77,2.05,12.46
Manhattan,Lenox Hill West,20,21701,12.13,1.83,10.54
Manhattan,Upper West Side North,13,21625,13.98,2.07,12.8
Manhattan,Upper West Side North,16,21588,13.12,1.88,12.25
Queens,LaGuardia Airport,0,21528,40.29,9.33,20.64
Manhattan,Gramercy,20,21360,14.24,2.07,13.35
Manhattan,Lincoln Square East,9,21241,13.72,1.94,12.52
Queens,JFK Airport,9,21193,60.03,14.62,42.19
Manhattan,Gramercy,19,21174,14.06,1.96,13.44
Manhattan,Central Park,13,21173,15.94,2.1,15.59
Manhattan,West Village,19,21073,14.56,1.92,14.38
Manhattan,Clinton East,23,21032,15.59,2.53,13.29
Manhattan,Greenwich Village South,23,21004,15.09,2.32,13.79
Manhattan,Greenwich Village South,22,20916,15.84,2.36,14.97
Manhattan,Lenox Hill West,9,20887,13.16,1.79,12.15
Manhattan,Midtown South,15,20852,17.78,2.37,17.65
Manhattan,East Village,19,20830,14.22,2.0,13.56
Manhattan,Yorkville West,17,20790,12.9,1.81,12.18
Manhattan,Lenox Hill East,9,20401,15.37,2.32,14.01
Manhattan,Greenwich Village South,21,20362,16.0,2.36,15.35
Manhattan,Midtown South,14,20327,18.46,2.53,17.99
Manhattan,Upper West Side North,9,20317,14.23,2.21,12.74
Manhattan,Lenox Hill East,8,20302,15.57,2.44,13.73
Manhattan,Clinton East,16,20277,16.51,2.31,16.46
Manhattan,Union Sq,11,20122,15.27,1.85,15.55
Manhattan,East Chelsea,10,20119,18.35,2.35,18.93
Manhattan,Times Sq/Theatre District,9,20031,21.63,3.55,17.97
Manhattan,Yorkville West,15,19987,13.42,1.84,12.94
Manhattan,Central Park,17,19968,15.35,1.95,15.45
Manhattan,West Chelsea/Hudson Yards,14,19901,17.79,2.42,17.55
Manhattan,West Village,1,19895,14.61,2.39,12.69
Manhattan,Gramercy,17,19728,15.56,2.1,16.43
Manhattan,Greenwich Village South,0,19631,14.56,2.3,12.85
Manhattan,Murray Hill,22,19529,14.7,2.28,12.75
Manhattan,Central Park,12,19340,15.46,2.02,14.95
Manhattan,Lenox Hill East,19,19307,14.25,2.29,12.89
Manhattan,East Village,2,19274,14.26,2.4,11.58
Manhattan,Yorkville West,16,19259,13.05,1.81,12.51
Manhattan,Midtown Center,8,19237,16.66,2.5,14.08
Manhattan,Union Sq,23,19237,14.58,2.28,13.16
Manhattan,Gramercy,22,19231,14.54,2.21,13.19
Manhattan,Midtown South,13,19200,17.92,2.42,17.15
Manhattan,Yorkville West,19,19194,12.53,1.9,11.07
Manhattan,Lenox Hill West,21,19089,12.39,1.91,10.59
Manhattan,Yorkville West,14,19001,13.07,1.85,12.19
Manhattan,West Chelsea/Hudson Yards,20,19001,16.26,2.45,15.08
Manhattan,West Village,18,18861,14.41,1.81,14.53
Manhattan,Upper West Side South,8,18809,14.73,2.28,13.19
Manhattan,Lenox Hill West,8,18699,13.41,1.94,12.03
Manhattan,Flatiron,18,18624,14.04,1.79,14.07
Manhattan,Sutton Place/Turtle Bay North,17,18605,15.28,1.9,15.62
Manhattan,Upper East Side South,23,18441,13.25,2.12,11.06
Manhattan,Sutton Place/Turtle Bay North,19,18401,13.69,1.95,12.9
Manhattan,Yorkville West,13,18351,13.2,1.89,12.03
Manhattan,East Village,18,18282,14.45,1.97,14.1
Manhattan,Sutton Place/Turtle Bay North,12,18148,15.77,1.85,15.94
Manhattan,Yorkville West,12,18118,13.27,1.89,12.22
Manhattan,Lincoln Square East,8,18064,13.95,2.07,12.51
Manhattan,Yorkville West,11,18015,13.24,1.88,12.08
Manhattan,Upper West Side North,8,17970,15.08,2.35,13.83
Manhattan,Midtown South,12,17955,17.09,2.27,16.63
Manhattan,Upper West Side South,22,17910,14.09,2.28,12.09
Manhattan,Garment District,18,17900,16.55,2.17,17.07
Manhattan,West Chelsea/Hudson Yards,13,17855,17.83,2.41,17.46
Manhattan,Yorkville West,10,17744,12.85,1.92,11.34
Manhattan,Yorkville West,20,17718,12.17,1.9,10.31
Manhattan,Garment District,17,17706,17.63,2.29,18.62
Manhattan,Gramercy,16,17675,16.21,2.25,17.38
Manhattan,Gramercy,15,17555,16.28,2.19,17.08
Manhattan,Murray Hill,8,17500,14.27,1.99,12.76
Manhattan,Flatiron,19,17410,13.52,1.76,13.14
Manhattan,Yorkville East,10,17402,14.12,2.19,12.08
Manhattan,Sutton Place/Turtle Bay North,13,17379,15.97,1.91,16.14
Manhattan,Greenwich Village South,1,17366,14.45,2.33,12.56
Queens,JFK Airport,1,17198,54.89,13.7,25.5
Manhattan,Greenwich Village North,21,17188,15.81,2.33,15.17
Manhattan,Sutton Place/Turtle Bay North,11,17108,15.63,1.84,15.73
Manhattan,Gramercy,14,17075,16.8,2.31,17.48
Manhattan,East Chelsea,9,17064,16.57,2.22,16.53
Manhattan,Sutton Place/Turtle Bay North,20,17061,13.37,2.04,11.99
Manhattan,Flatiron,21,16938,15.43,2.24,14.7
Manhattan,Flatiron,17,16916,14.62,1.85,15.09
Manhattan,Midtown North,9,16910,17.38,2.58,15.33
Manhattan,Clinton East,15,16889,16.91,2.45,16.32
Manhattan,Midtown South,11,16861,16.7,2.22,15.92
Manhattan,Greenwich Village North,18,16830,14.01,1.76,14.04
Manhattan,Midtown East,7,16721,13.71,2.14,11.24
Manhattan,Union Sq,10,16687,14.21,1.8,13.93
Manhattan,Upper West Side North,19,16643,12.35,1.87,10.69
Manhattan,TriBeCa/Civic Center,18,16604,18.01,2.87,17.02
Manhattan,Sutton Place/Turtle Bay North,10,16598,15.08,1.8,14.99
Manhattan,Yorkville East,11,16587,14.28,2.11,12.65
Manhattan,Sutton Place/Turtle Bay North,14,16531,16.16,1.95,16.51
Manhattan,Clinton East,13,16528,16.73,2.46,15.68
Manhattan,Yorkville East,9,16517,14.31,2.33,11.91
Manhattan,Gramercy,13,16464,16.68,2.32,16.92
Manhattan,Midtown North,23,16460,15.09,2.39,13.31
Manhattan,Greenwich Village North,20,16431,15.05,2.13,14.68
Manhattan,Yorkville West,21,16427,12.66,2.04,10.45
Manhattan,Greenwich Village South,20,16358,15.34,2.19,14.89
Manhattan,East Chelsea,23,16331,16.77,2.68,15.13
Manhattan,Yorkville East,15,16310,14.53,2.04,13.91
Manhattan,Yorkville East,12,16233,14.03,2.05,12.46
Manhattan,Clinton East,14,16108,17.19,2.58,16.2
Manhattan,Sutton Place/Turtle Bay North,9,16059,14.9,1.8,14.56
Manhattan,Clinton East,9,16018,15.43,2.16,14.27
Manhattan,Gramercy,12,15993,16.11,2.2,16.27
Manhattan,Yorkville West,9,15990,13.39,2.08,11.63
Manhattan,Flatiron,20,15973,14.24,1.97,13.69
Manhattan,Central Park,11,15918,15.25,1.99,14.6
Manhattan,Clinton East,12,15878,16.86,2.44,15.67
Manhattan,Midtown South,23,15873,15.1,2.36,13.26
Manhattan,Sutton Place/Turtle Bay North,21,15833,13.48,2.18,11.77
Manhattan,Clinton East,10,15791,16.43,2.36,15.21
Manhattan,Clinton East,11,15775,17.08,2.49,15.9
Manhattan,West Chelsea/Hudson Yards,21,15760,16.68,2.56,15.31
Manhattan,Garment District,16,15758,18.38,2.45,19.6
Manhattan,Central Park,18,15711,14.29,1.9,13.85
Manhattan,Yorkville East,17,15594,14.13,2.05,13.49
Manhattan,Greenwich Village North,19,15579,14.04,1.85,13.8
Manhattan,West Chelsea/Hudson Yards,12,15541,17.95,2.37,17.72
Manhattan,TriBeCa/Civic Center,17,15483,19.78,3.19,20.3
Manhattan,Penn Station/Madison Sq West,6,15459,11.67,1.85,9.35
Manhattan,Sutton Place/Turtle Bay North,15,15388,15.56,1.95,15.95
Manhattan,Lower East Side,0,15370,16.07,2.61,13.79
Manhattan,Upper East Side North,22,15333,13.37,2.14,11.08
Manhattan,Lower East Side,1,15315,15.64,2.59,13.41
Manhattan,Greenwich Village North,22,15298,15.73,2.37,14.85
Manhattan,Yorkville East,8,15261,14.91,2.47,12.52
Manhattan,West Village,17,15230,14.69,1.84,14.99
Manhattan,Flatiron,16,15138,15.19,1.95,15.81
Manhattan,Clinton East,0,15051,15.2,2.59,12.27
Manhattan,Times Sq/Theatre District,8,15042,22.1,3.86,17.3
Manhattan,TriBeCa/Civic Center,19,15028,17.33,2.89,15.51
Manhattan,Greenwich Village North,17,15006,14.5,1.8,14.87
Manhattan,Gramercy,11,14995,15.72,2.16,15.81
Manhattan,Sutton Place/Turtle Bay North,16,14955,15.41,1.99,15.63
Manhattan,Gramercy,23,14933,13.91,2.18,12.27
Manhattan,Garment District,19,14773,16.06,2.18,15.9
Manhattan,Lenox Hill West,22,14684,13.15,2.08,11.19
Manhattan,Yorkville East,18,14587,13.93,2.09,12.87
Manhattan,Sutton Place/Turtle Bay North,8,14515,14.2,1.91,13.32
Manhattan,Lenox Hill West,7,14513,12.82,2.01,10.83
Manhattan,Lower East Side,23,14462,16.52,2.66,14.61
Manhattan,Midtown South,10,14448,15.78,2.14,14.8
Manhattan,Gramercy,10,14424,14.61,2.02,14.2
Manhattan,East Village,17,14415,14.98,2.04,14.86
Manhattan,Midtown East,23,14296,14.47,2.36,12.28
Manhattan,Gramercy,9,14248,13.84,1.94,12.91
Manhattan,Flatiron,22,14242,15.27,2.27,14.34
Manhattan,Yorkville West,8,14228,14.16,2.28,12.23
Manhattan,Times Sq/Theatre District,0,14222,15.62,2.61,13.04
Manhattan,Flatiron,15,14133,15.68,2.04,16.49
Manhattan,Lenox Hill East,20,14088,13.84,2.27,11.73
Manhattan,Greenwich Village North,16,14084,14.75,1.82,15.25
Manhattan,Yorkville East,16,14062,14.12,2.04,13.47
Manhattan,Yorkville East,13,14051,14.31,2.14,12.64
Manhattan,Garment District,15,14022,18.72,2.49,19.39
Manhattan,Flatiron,14,13923,15.87,2.16,16.85
Manhattan,West Village,15,13904,15.27,1.93,15.66
Manhattan,Greenwich Village South,19,13869,14.74,2.0,14.45
Manhattan,Yorkville East,7,13845,14.52,2.57,11.18
Manhattan,Union Sq,9,13839,13.28,1.71,12.59
Manhattan,Greenwich Village North,15,13815,15.15,1.91,15.63
Manhattan,TriBeCa/Civic Center,16,13703,21.55,3.67,23.56
Manhattan,Penn Station/Madison Sq West,0,13685,16.94,2.84,14.39
Manhattan,West Village,16,13669,15.06,1.88,15.47
Manhattan,Clinton East,8,13632,14.91,2.23,13.28
Manhattan,Flatiron,13,13597,15.82,2.08,16.41
Manhattan,Yorkville East,14,13566,14.33,2.13,12.96
Manhattan,UN/Turtle Bay South,18,13540,15.7,2.18,15.29
Manhattan,Lenox Hill East,7,13430,14.51,2.39,12.15
Manhattan,Garment District,21,13398,16.25,2.34,15.24
Manhattan,Central Park,19,13348,13.84,1.92,12.88
Manhattan,Garment District,20,13290,15.96,2.25,15.18
Manhattan,TriBeCa/Civic Center,20,13252,17.64,3.08,15.39
Manhattan,Garment District,14,13248,19.2,2.63,19.52
Manhattan,Flatiron,12,13246,15.53,1.99,15.98
Manhattan,Yorkville West,22,13182,13.22,2.17,10.94
Manhattan,West Village,14,13143,15.01,1.9,15.28
Manhattan,Lincoln Square West,15,13050,13.83,1.99,13.45
Manhattan,West Chelsea/Hudson Yards,11,12967,17.59,2.27,17.37
Manhattan,Upper West Side North,20,12945,12.93,2.07,10.87
Manhattan,West Village,2,12910,14.79,2.53,12.06
Manhattan,East Chelsea,8,12856,15.79,2.24,15.17
Manhattan,Lower East Side,2,12854,15.65,2.65,12.63
Manhattan,Lincoln Square West,17,12842,13.04,1.82,12.54
Manhattan,UN/Turtle Bay South,17,12798,17.29,2.39,17.34
Manhattan,TriBeCa/Civic Center,21,12797,17.92,3.05,15.58
Manhattan,East Village,3,12770,14.52,2.56,11.1
Manhattan,Greenwich Village North,14,12731,15.0,1.87,15.48
Manhattan,Lower East Side,22,12728,17.14,2.72,15.38
Manhattan,Central Park,10,12673,14.04,1.92,12.96
Manhattan,Murray Hill,23,12670,14.68,2.37,12.29
Manhattan,Greenwich Village South,18,12613,14.61,1.88,14.64
Manhattan,Lincoln Square West,14,12604,14.1,2.06,13.58
Manhattan,East Village,16,12599,15.95,2.21,15.89
Manhattan,Garment District,13,12598,19.05,2.55,19.15
Manhattan,Sutton Place/Turtle Bay North,22,12592,13.77,2.18,11.92
Manhattan,Midtown South,9,12567,15.11,2.08,13.79
Manhattan,Lincoln Square West,18,12500,12.92,1.85,12.03
Manhattan,Lincoln Square West,16,12469,13.54,1.95,13.15
Manhattan,East Village,15,12459,15.92,2.22,15.9
Manhattan,Kips Bay,17,12452,16.33,2.44,17.4
Manhattan,Midtown North,8,12416,17.17,2.73,14.17
Manhattan,Kips Bay,16,12409,17.42,2.75,19.86
Manhattan,TriBeCa/Civic Center,15,12380,21.42,3.6,23.13
Manhattan,Union Sq,0,12314,14.18,2.3,12.22
Manhattan,Yorkville West,7,12264,14.07,2.49,10.97
Manhattan,Lincoln Square West,12,12258,13.96,2.06,13.17
Manhattan,Garment District,12,12199,19.07,2.51,19.17
Manhattan,Upper West Side South,7,12192,15.57,2.73,12.7
Manhattan,Flatiron,11,12088,14.98,1.87,15.06
Manhattan,Lincoln Square West,13,12064,14.19,2.12,13.55
Manhattan,Kips Bay,18,12006,15.13,2.26,14.91
Manhattan,Greenwich Village South,2,12001,14.15,2.34,11.63
Queens,LaGuardia Airport,8,11983,49.56,10.21,41.52
Manhattan,West Village,13,11977,15.22,1.95,15.28
Manhattan,Central Park,20,11965,13.9,2.07,12.51
Manhattan,Upper West Side North,7,11960,15.78,2.77,13.13
Manhattan,Garment District,22,11943,16.74,2.44,15.43
Manhattan,Greenwich Village North,13,11923,15.03,1.88,15.29
Manhattan,Kips Bay,15,11882,17.89,13.3,20.32
Queens,JFK Airport,5,11863,48.73,12.1,24.63
Manhattan,Lincoln Square East,7,11849,14.03,2.34,11.47
Manhattan,TriBeCa/Civic Center,14,11834,20.69,3.4,20.51
Manhattan,East Village,14,11829,16.04,2.26,15.94
Manhattan,Lincoln Square West,10,11585,13.89,2.02,13.14
Manhattan,Greenwich Village North,12,11574,15.03,1.85,15.29
Manhattan,Garment District,11,11573,18.66,2.46,18.28
Manhattan,Flatiron,23,11533,14.66,2.27,13.3
Manhattan,Lincoln Square West,11,11454,13.93,2.01,13.15
Manhattan,Kips Bay,19,11438,14.19,2.2,13.31
Manhattan,East Village,13,11399,15.98,2.29,15.6
Manhattan,Clinton East,7,11377,14.12,2.23,11.88
Manhattan,Greenwich Village North,23,11249,14.91,2.33,13.51
Manhattan,Murray Hill,7,11225,14.02,2.21,11.24
Manhattan,Little Italy/NoLiTa,18,11202,16.74,2.29,16.85
Manhattan,Midtown Center,7,11190,17.45,2.99,13.01
Manhattan,Flatiron,10,11175,13.83,2.04,13.41
Manhattan,Gramercy,8,11174,13.96,2.08,12.35
Manhattan,UN/Turtle Bay South,12,11145,18.18,2.65,16.97
Manhattan,Upper West Side North,21,11133,13.13,2.12,10.81
Manhattan,Lincoln Square West,9,11131,14.05,2.07,13.09
Manhattan,TriBeCa/Civic Center,22,11130,17.83,3.0,15.58
Manhattan,UN/Turtle Bay South,19,11111,14.25,2.12,13.06
Manhattan,UN/Turtle Bay South,16,11104,18.66,2.77,18.68
Manhattan,West Village,12,10981,14.96,1.86,15.19
Manhattan,TriBeCa/Civic Center,13,10970,20.4,3.38,19.75
Manhattan,Little Italy/NoLiTa,19,10897,16.11,2.3,15.7
Manhattan,UN/Turtle Bay South,14,10876,20.29,3.09,19.21
Manhattan,Midtown Center,0,10859,15.14,2.59,12.59
Manhattan,Flatiron,9,10791,13.24,1.82,12.31
Manhattan,Little Italy/NoLiTa,20,10743,16.35,2.43,15.6
Manhattan,UN/Turtle Bay South,13,10679,19.31,2.87,17.99
Manhattan,UN/Turtle Bay South,15,10643,19.08,2.84,18.79
Manhattan,Little Italy/NoLiTa,21,10570,16.45,2.52,15.41
Manhattan,Garment District,10,10559,17.78,2.35,17.23
Manhattan,Gramercy,0,10536,13.63,2.21,11.48
Manhattan,TriBeCa/Civic Center,12,10533,20.14,3.29,19.55
Manhattan,Greenwich Village South,17,10532,15.01,1.9,15.31
Manhattan,Lower East Side,21,10508,16.97,2.69,15.33
Manhattan,Little Italy/NoLiTa,17,10488,17.89,2.38,18.43
Manhattan,East Village,12,10460,15.58,2.22,15.02
Manhattan,East Chelsea,0,10380,16.57,2.78,14.17
Manhattan,Central Park,9,10372,14.08,2.02,12.72
Manhattan,UN/Turtle Bay South,11,10364,17.73,2.63,16.52
Manhattan,Kips Bay,14,10362,17.77,2.76,19.49
Manhattan,Midtown South,0,10350,14.91,2.46,12.49
Manhattan,Lincoln Square West,8,10315,14.39,2.2,13.2
Manhattan,Little Italy/NoLiTa,16,10273,18.68,2.51,19.43
Manhattan,Greenwich Village North,11,10233,14.71,1.79,14.97
Manhattan,Union Sq,8,10156,12.77,1.77,11.51
Manhattan,UN/Turtle Bay South,10,10148,16.93,2.46,15.69
Manhattan,West Chelsea/Hudson Yards,22,10059,16.77,2.6,15.1
Manhattan,Clinton East,1,10052,15.19,2.72,11.53
Manhattan,Yorkville East,19,10001,13.43,2.14,11.83
Manhattan,Kips Bay,13,9862,17.28,2.65,18.13
Manhattan,Little Italy/NoLiTa,15,9850,18.9,2.56,19.54
Manhattan,TriBeCa/Civic Center,11,9754,20.17,3.18,19.61
Manhattan,SoHo,18,9749,16.31,2.2,16.29
Manhattan,Little Italy/NoLiTa,22,9718,15.91,2.45,14.66
Manhattan,West Village,11,9714,14.7,1.83,14.73
Manhattan,Lenox Hill East,21,9695,14.13,2.39,11.74
Manhattan,Sutton Place/Turtle Bay North,7,9695,13.56,2.06,11.74
Manhattan,Kips Bay,12,9680,17.46,2.77,18.23
Manhattan,Garment District,9,9657,16.37,2.16,15.44
Manhattan,UN/Turtle Bay South,20,9642,14.16,2.25,12.39
Manhattan,Upper West Side South,23,9630,14.12,2.38,11.71
Manhattan,Central Park,21,9612,13.71,2.09,12.06
Manhattan,Meatpacking/West Village West,21,9568,16.36,2.47,15.48
Manhattan,West Chelsea/Hudson Yards,10,9561,17.29,2.22,17.2
Manhattan,Times Sq/Theatre District,7,9550,24.72,4.8,17.37
Manhattan,Greenwich Village South,16,9525,15.75,2.01,16.17
Manhattan,SoHo,17,9475,17.63,2.29,18.25
Manhattan,Garment District,7,9473,13.7,1.98,11.85
Manhattan,East Harlem South,15,9439,17.77,2.93,20.5
Manhattan,Garment District,6,9425,11.99,1.87,9.49
Manhattan,Kips Bay,11,9349,17.31,2.73,17.86
Manhattan,West Village,10,9337,13.81,1.77,13.44
Manhattan,Midtown South,8,9324,14.7,2.17,12.31
Manhattan,Lower East Side,3,9310,15.73,2.75,12.15
Manhattan,Manhattan Valley,14,9299,14.26,2.14,13.24
Manhattan,SoHo,15,9251,18.52,2.44,19.15
Manhattan,Manhattan Valley,13,9198,14.28,2.18,12.91
Manhattan,West Village,9,9184,13.82,1.85,13.09
Manhattan,East Village,11,9178,15.54,2.23,14.97
Manhattan,SoHo,16,9152,18.3,2.38,19.07
Manhattan,Greenwich Village South,15,9148,16.19,2.09,16.66
Manhattan,Kips Bay,20,9135,14.32,2.32,12.83
Manhattan,Greenwich Village North,10,9127,14.22,1.81,14.05
Manhattan,Upper East Side South,0,9044,13.24,2.21,10.53
Manhattan,Manhattan Valley,17,9012,13.29,1.98,12.26
Manhattan,Manhattan Valley,12,9008,14.33,2.18,13.07
Manhattan,Meatpacking/West Village West,20,9000,16.18,2.4,15.4
Manhattan,Lower East Side,20,8970,16.57,2.59,15.03
Manhattan,Yorkville West,23,8963,13.48,2.35,10.62
Manhattan,SoHo,19,8962,15.39,2.15,14.96
Manhattan,Lenox Hill West,23,8950,13.13,2.19,10.79
Manhattan,Lincoln Square West,19,8946,13.03,1.98,11.54
Manhattan,Flatiron,0,8919,14.45,2.31,12.51
Manhattan,Little Italy/NoLiTa,23,8906,15.33,2.41,13.7
Manhattan,Garment District,23,8896,16.05,2.45,14.27
Manhattan,Clinton East,6,8861,13.58,2.32,10.15
Manhattan,Midtown East,6,8848,14.59,2.69,10.15
Manhattan,Manhattan Valley,18,8840,13.3,2.02,11.89
Manhattan,Upper East Side North,6,8827,14.68,2.92,9.89
Manhattan,Greenwich Village North,9,8801,13.81,1.82,13.26
Manhattan,Garment District,8,8796,15.07,2.07,13.51
Manhattan,Battery Park City,17,8787,22.07,4.02,19.18
Manhattan,East Village,10,8734,14.61,2.15,13.58
Manhattan,Manhattan Valley,16,8688,13.45,2.01,12.57
Manhattan,Little Italy/NoLiTa,14,8669,18.65,2.59,19.19
Manhattan,Meatpacking/West Village West,22,8638,16.57,2.5,15.3
Manhattan,TriBeCa/Civic Center,10,8533,19.18,3.0,18.26
Manhattan,TriBeCa/Civic Center,23,8525,17.39,3.0,15.07
Manhattan,Manhattan Valley,15,8505,13.89,2.06,13.1
Manhattan,East Village,9,8498,14.58,2.24,13.17
Manhattan,Gramercy,7,8487,13.58,2.28,11.01
Manhattan,UN/Turtle Bay South,9,8480,16.35,2.42,14.59
Manhattan,Sutton Place/Turtle Bay North,23,8469,13.96,2.32,11.63
Manhattan,Little Italy/NoLiTa,0,8462,14.49,2.31,12.62
Manhattan,East Harlem South,14,8451,17.78,2.97,19.39
Manhattan,Meatpacking/West Village West,18,8415,16.14,2.21,16.18
Manhattan,Manhattan Valley,10,8408,14.95,2.36,13.46
Manhattan,Meatpacking/West Village West,19,8392,15.69,2.2,15.25
Manhattan,East Harlem South,16,8349,17.13,2.88,19.64
Manhattan,East Harlem South,17,8326,16.11,2.63,17.62
Manhattan,Lincoln Square East,0,8322,14.95,2.58,12.28
Manhattan,SoHo,14,8318,18.53,2.53,18.9
Manhattan,Kips Bay,10,8246,16.16,2.48,16.31
Manhattan,Manhattan Valley,11,8215,14.51,2.19,13.3
Manhattan,Little Italy/NoLiTa,1,8152,13.95,2.24,11.97
Manhattan,Meatpacking/West Village West,17,8150,17.01,2.36,17.16
Manhattan,Midtown North,0,8104,14.83,2.49,12.34
Manhattan,Greenwich Village South,14,8089,16.01,2.08,16.32
Manhattan,Battery Park City,18,8086,20.48,3.77,17.1
Manhattan,West Village,3,8005,15.2,2.71,11.83
Manhattan,Murray Hill,0,7992,14.73,2.51,11.71
Manhattan,Flatiron,8,7982,13.05,1.93,11.81
Manhattan,Kips Bay,21,7975,14.18,2.3,12.28
Manhattan,Meatpacking/West Village West,23,7953,15.65,2.42,14.37
Manhattan,Midtown East,0,7950,14.34,2.44,11.69
Manhattan,UN/Turtle Bay South,21,7909,14.1,2.29,11.98
Manhattan,Greenwich Village North,0,7900,14.14,2.22,12.37
Manhattan,Manhattan Valley,9,7857,15.18,2.45,13.64
Manhattan,SoHo,20,7848,15.59,2.29,14.82
Manhattan,Central Park,8,7842,14.33,2.14,12.84
Manhattan,Midtown North,7,7647,18.44,3.24,13.88
Manhattan,East Harlem South,11,7643,18.06,3.11,19.42
Manhattan,East Harlem South,12,7621,17.74,3.05,18.94
Manhattan,Little Italy/NoLiTa,13,7621,18.89,2.68,18.98
Manhattan,Upper West Side North,22,7618,13.85,2.31,11.44
Manhattan,East Harlem South,13,7578,17.74,3.1,18.92
Manhattan,Battery Park City,16,7557,24.2,4.42,21.05
Manhattan,Lower East Side,19,7551,16.03,2.43,14.87
Manhattan,SoHo,21,7543,15.59,2.36,14.58
Manhattan,Meatpacking/West Village West,16,7519,17.88,2.57,18.15
Manhattan,TriBeCa/Civic Center,9,7456,18.02,2.78,16.96
Manhattan,Meatpacking/West Village West,0,7407,14.74,2.31,13.26
Manhattan,Greenwich Village South,13,7331,15.93,2.08,16.06
Manhattan,Meatpacking/West Village West,15,7323,18.37,2.72,18.51
Manhattan,Manhattan Valley,8,7286,16.16,2.56,14.99
Manhattan,Penn Station/Madison Sq West,5,7266,12.58,2.21,8.96
Manhattan,UN/Turtle Bay South,8,7257,15.74,2.49,13.35
Manhattan,Little Italy/NoLiTa,2,7214,13.71,2.24,11.21
Manhattan,West Village,8,7192,13.87,2.03,12.75
Manhattan,West Chelsea/Hudson Yards,9,7102,16.51,2.14,16.34
Manhattan,Kips Bay,22,7064,13.95,2.29,11.98
Manhattan,SoHo,22,7022,15.35,2.34,14.14
Manhattan,Kips Bay,9,7003,15.15,2.3,14.64
Manhattan,Lincoln Square West,7,6978,14.5,2.42,12.39
Manhattan,Union Sq,1,6971,13.94,2.31,11.64
Manhattan,Meatpacking/West Village West,14,6971,18.53,2.77,18.1
Manhattan,Clinton East,2,6970,15.24,2.79,10.97
Manhattan,Upper East Side North,23,6964,13.14,2.19,10.4
Manhattan,SoHo,13,6948,17.92,2.44,17.96
Manhattan,Battery Park City,19,6912,20.17,3.85,15.68
Manhattan,Times Sq/Theatre District,1,6904,15.62,2.77,12.17
Manhattan,East Harlem South,10,6860,17.14,3.01,17.66
Manhattan,Midtown South,1,6828,14.79,2.56,11.92
Manhattan,Gramercy,1,6805,13.32,2.2,10.85
Manhattan,Central Park,22,6771,14.1,2.15,12.35
Manhattan,East Chelsea,7,6755,15.67,2.55,14.11
Manhattan,Lower East Side,18,6714,16.72,2.49,15.97
Queens,LaGuardia Airport,1,6659,40.35,9.43,19.52
Manhattan,Meatpacking/West Village West,1,6637,14.65,2.39,12.88
Manhattan,East Harlem South,18,6588,15.17,2.5,14.97
Manhattan,Financial District North,18,6560,21.46,3.91,19.47
Manhattan,Yorkville East,20,6550,13.24,2.18,10.83
Manhattan,Greenwich Village South,3,6518,14.17,2.44,11.11
Manhattan,Lenox Hill East,22,6516,14.85,2.65,12.39
Manhattan,Greenwich Village North,8,6502,13.92,1.99,12.93
Manhattan,Battery Park City,15,6433,25.55,4.78,22.3
Manhattan,Financial District North,17,6388,23.98,4.53,24.09
Manhattan,Battery Park City,14,6359,25.92,4.93,21.99
Manhattan,Yorkville West,0,6352,13.11,2.31,10.07
Manhattan,TriBeCa/Civic Center,0,6348,16.67,2.88,13.98
Manhattan,TriBeCa/Civic Center,8,6342,17.03,2.73,15.35
Manhattan,West Chelsea/Hudson Yards,23,6341,16.29,2.58,14.5
Manhattan,Manhattan Valley,19,6295,12.92,2.01,11.12
Manhattan,World Trade Center,15,6285,25.76,4.44,24.8
Manhattan,Penn Station/Madison Sq West,1,6283,16.9,3.0,13.02
Manhattan,East Village,4,6282,15.55,2.89,11.32
Manhattan,Yorkville East,6,6269,15.01,2.98,9.97
Manhattan,World Trade Center,16,6252,25.79,4.5,26.01
Manhattan,Flatiron,1,6252,14.05,2.37,11.7
Manhattan,East Harlem South,9,6249,16.83,2.92,16.98
Manhattan,Lincoln Square West,20,6233,13.38,2.17,11.57
Manhattan,East Village,8,6229,14.84,2.39,13.36
Manhattan,World Trade Center,17,6221,24.05,4.21,23.74
Manhattan,Kips Bay,8,6212,14.43,2.26,13.28
Manhattan,SoHo,23,6177,15.22,2.4,13.7
Manhattan,Kips Bay,23,6176,13.97,2.4,11.91
Manhattan,World Trade Center,14,6144,25.97,4.53,24.66
Manhattan,Yorkville West,6,6127,14.46,2.83,9.99
Manhattan,Greenwich Village South,12,6070,15.31,1.97,15.36
Manhattan,Morningside Heights,17,6040,16.38,2.63,16.13
Manhattan,Battery Park City,13,6036,25.07,4.73,20.79
Manhattan,East Chelsea,1,6029,15.38,2.62,12.59
Manhattan,Meatpacking/West Village West,13,6020,18.38,2.82,17.73
Manhattan,UN/Turtle Bay South,22,5959,14.08,2.34,11.66
Manhattan,Greenwich Village North,1,5952,13.65,2.18,11.6
Manhattan,Financial District North,19,5942,20.49,3.79,17.42
Manhattan,Little Italy/NoLiTa,12,5890,17.94,2.52,17.84
Queens,LaGuardia Airport,7,5876,47.55,10.32,37.1
Manhattan,Lincoln Square West,21,5852,14.13,2.31,12.08
Manhattan,SoHo,12,5837,17.69,2.37,17.66
Queens,JFK Airport,2,5833,53.02,13.18,23.39
Manhattan,World Trade Center,18,5826,21.59,3.73,20.2
Manhattan,East Harlem South,8,5803,16.92,2.94,17.1
Manhattan,West Chelsea/Hudson Yards,8,5769,15.81,2.19,15.38
Manhattan,Midtown Center,6,5754,21.1,4.09,12.82
Manhattan,Garment District,0,5739,15.97,2.59,13.13
Manhattan,Garment District,5,5703,12.08,2.03,8.37
Manhattan,Financial District North,21,5702,21.45,4.07,17.19
Manhattan,Morningside Heights,16,5666,17.05,2.79,17.3
Manhattan,Lenox Hill West,0,5654,12.99,2.23,10.12
Manhattan,Financial District North,20,5550,20.87,3.96,16.99
Manhattan,World Trade Center,13,5538,25.24,4.44,23.02
Manhattan,Clinton East,5,5525,15.54,2.88,9.95
Manhattan,Sutton Place/Turtle Bay North,0,5513,13.51,2.31,10.81
Manhattan,Morningside Heights,15,5479,17.05,2.77,17.54
Manhattan,Union Sq,7,5479,13.48,2.2,11.15
Manhattan,Lower East Side,17,5472,18.16,2.73,17.79
Manhattan,Meatpacking/West Village West,12,5447,18.47,2.76,17.68
Manhattan,Lenox Hill West,6,5433,14.09,2.65,10.11
Manhattan,Upper East Side South,6,5424,13.81,2.57,9.47
Manhattan,Clinton East,3,5415,16.78,3.21,11.13
Manhattan,Battery Park City,12,5415,24.14,4.53,19.75
Manhattan,Times Sq/Theatre District,6,5368,30.51,6.37,18.28
Manhattan,Little Italy/NoLiTa,3,5355,13.81,2.35,10.93
Manhattan,Morningside Heights,18,5337,15.78,2.57,14.79
Manhattan,Clinton West,9,5319,18.35,3.02,16.37
Manhattan,Clinton West,17,5316,14.97,2.13,14.63
Manhattan,Midtown South,7,5313,14.27,2.36,10.95
Manhattan,Battery Park City,20,5298,21.55,4.23,16.12
Manhattan,Kips Bay,7,5296,14.19,2.5,12.27
Manhattan,Hudson Sq,18,5296,16.02,2.33,15.49
Manhattan,Murray Hill,6,5288,15.24,2.73,10.56
Manhattan,Manhattan Valley,7,5267,16.45,2.87,14.53
Manhattan,SoHo,0,5233,14.37,2.29,12.54
Manhattan,Financial District North,16,5199,25.82,4.99,27.23
Manhattan,Lincoln Square West,22,5163,15.14,2.55,12.73
Manhattan,West Chelsea/Hudson Yards,3,5107,13.98,2.48,10.58
Manhattan,World Trade Center,12,5082,24.51,4.28,21.96
Manhattan,Lower East Side,15,5081,20.47,3.21,19.89
Manhattan,Financial District North,22,5025,22.45,4.2,18.26
Manhattan,East Harlem South,7,5025,16.61,3.13,15.78
Manhattan,UN/Turtle Bay South,7,5018,16.22,2.87,12.38
Manhattan,World Trade Center,19,5005,20.53,3.65,17.6
Manhattan,Lower East Side,16,4998,19.39,2.94,19.22
Manhattan,Hudson Sq,17,4994,17.21,2.61,17.87
Manhattan,Hudson Sq,19,4983,15.26,2.22,14.21
Manhattan,Clinton West,12,4949,15.21,2.3,14.25
Manhattan,Clinton West,14,4940,15.69,2.48,14.94
Manhattan,Upper West Side South,0,4936,14.08,2.44,11.19
Manhattan,Clinton West,18,4926,14.59,2.11,13.92
Manhattan,Clinton West,16,4887,15.56,2.32,15.69
Manhattan,Morningside Heights,14,4885,17.72,2.9,17.24
Manhattan,Lower East Side,14,4883,20.29,3.27,19.41
Manhattan,Battery Park City,11,4882,23.68,4.33,19.56
Manhattan,Kips Bay,0,4882,14.24,2.5,11.41
Manhattan,Morningside Heights,13,4841,17.98,3.03,17.15
Manhattan,Clinton West,10,4828,16.56,2.63,15.05
Manhattan,Central Park,7,4819,14.27,2.38,11.48
Manhattan,East Harlem South,19,4813,15.21,2.63,13.87
Manhattan,Lower East Side,4,4801,17.24,3.17,12.34
Manhattan,Clinton East,4,4796,19.46,3.85,11.96
Manhattan,Upper West Side South,6,4795,18.12,3.7,12.74
Manhattan,Clinton West,13,4777,15.77,2.54,14.92
Manhattan,Upper West Side North,6,4744,17.5,3.54,13.29
Manhattan,Hudson Sq,20,4740,15.97,2.43,14.8
Manhattan,Clinton West,11,4720,16.37,2.59,15.2
Manhattan,Clinton West,15,4715,15.73,2.44,15.32
Manhattan,Morningside Heights,12,4703,17.69,3.05,16.84
Manhattan,Greenwich Village South,11,4683,14.97,1.95,14.81
Manhattan,Hudson Sq,21,4679,16.31,2.56,14.79
Manhattan,Manhattan Valley,20,4660,13.47,2.18,11.48
Manhattan,TriBeCa/Civic Center,1,4629,15.96,2.76,13.04
Manhattan,West Village,7,4620,14.22,2.39,12.23
Manhattan,Meatpacking/West Village West,2,4601,14.39,2.41,12.0
Manhattan,Yorkville East,21,4584,13.69,2.32,10.87
Manhattan,West Chelsea/Hudson Yards,0,4579,15.93,2.62,13.64
Manhattan,Financial District North,15,4534,25.89,4.85,26.14
Manhattan,Flatiron,7,4516,13.91,2.4,11.64
Manhattan,West Chelsea/Hudson Yards,1,4516,15.07,2.59,12.42
Manhattan,Clinton West,19,4511,13.98,2.1,12.6
Manhattan,Lenox Hill East,23,4511,15.89,2.98,12.63
Manhattan,West Chelsea/Hudson Yards,2,4477,14.34,2.5,11.18
Manhattan,Murray Hill,1,4433,14.37,2.48,10.82
Manhattan,East Village,7,4429,15.07,2.65,12.37
Manhattan,Battery Park City,8,4399,21.34,3.94,17.69
Manhattan,Little Italy/NoLiTa,11,4385,17.35,2.45,16.92
Manhattan,Meatpacking/West Village West,11,4380,18.64,2.8,17.56
Manhattan,Clinton West,8,4378,18.37,3.17,15.2
Manhattan,SoHo,11,4366,17.45,2.33,17.44
Manhattan,Midtown Center,1,4361,15.54,2.8,11.96
Manhattan,Hudson Sq,16,4329,18.82,2.92,20.42
Manhattan,World Trade Center,11,4259,24.01,4.08,21.37
Manhattan,Financial District North,23,4255,21.37,4.0,17.39
Manhattan,Yorkville West,1,4255,12.82,2.31,9.73
Manhattan,Greenwich Village North,2,4253,13.25,2.18,10.66
Manhattan,Upper East Side South,1,4243,12.87,2.21,9.89
Manhattan,Battery Park City,10,4243,22.81,4.2,18.68
Manhattan,Hudson Sq,13,4240,18.29,2.75,17.93
Manhattan,Battery Park City,9,4217,22.01,3.98,18.4
Manhattan,Hudson Sq,15,4211,18.49,2.79,18.62
Manhattan,Lenox Hill East,6,4202,15.02,2.88,10.47
Manhattan,Hudson Sq,14,4186,18.53,2.8,18.1
Manhattan,Hudson Sq,22,4186,16.79,2.69,15.14
Manhattan,Upper West Side North,23,4183,13.78,2.37,10.8
Manhattan,Lower East Side,13,4178,19.96,3.18,18.31
Manhattan,Gramercy,6,4177,14.78,2.81,10.36
Manhattan,East Chelsea,2,4171,15.2,2.72,11.88
Manhattan,Gramercy,2,4164,13.41,2.31,10.08
Manhattan,SoHo,1,4161,14.31,2.33,12.17
Manhattan,Flatiron,2,4152,13.7,2.38,10.8
Manhattan,Morningside Heights,11,4131,17.2,2.8,16.56
Manhattan,Morningside Heights,19,4116,15.53,2.64,13.92
Manhattan,Financial District North,14,4064,25.81,4.94,23.83
Manhattan,Hudson Sq,12,3992,17.95,2.6,17.66
Manhattan,Clinton West,21,3985,15.02,2.53,13.09
Manhattan,Greenwich Village South,10,3965,14.26,1.91,13.75
Manhattan,Financial District South,17,3957,25.98,5.08,26.67
Manhattan,TriBeCa/Civic Center,7,3946,17.81,3.16,15.33
Manhattan,Midtown South,2,3943,15.08,2.66,11.31
Manhattan,World Trade Center,20,3934,21.15,3.92,17.86
Manhattan,Union Sq,2,3911,14.41,2.51,11.27
Manhattan,Midtown East,1,3900,14.01,2.43,10.81
Manhattan,Financial District South,16,3895,27.74,5.36,29.54
Manhattan,Meatpacking/West Village West,10,3803,17.41,2.58,16.2
Manhattan,Lincoln Square East,6,3777,16.96,3.33,11.76
Manhattan,Lower East Side,12,3760,18.84,3.01,17.22
Manhattan,Morningside Heights,10,3740,17.1,2.88,16.23
Manhattan,UN/Turtle Bay South,23,3735,14.3,2.44,11.32
Manhattan,Financial District North,13,3725,25.01,4.74,22.03
Manhattan,Manhattan Valley,21,3717,14.46,2.41,12.06
Manhattan,Garment District,1,3702,15.49,2.67,12.05
Manhattan,Financial District South,18,3700,23.59,4.52,21.37
Manhattan,Morningside Heights,9,3693,16.91,2.9,15.68
Manhattan,Times Sq/Theatre District,2,3686,17.59,3.28,12.32
Manhattan,Morningside Heights,20,3680,15.93,53.57,14.09
Manhattan,Midtown North,1,3611,14.37,2.49,11.38
Manhattan,Hudson Sq,11,3604,17.89,2.57,17.54
Manhattan,Clinton West,20,3603,14.7,2.42,12.75
Manhattan,Alphabet City,1,3600,15.55,2.59,13.42
Manhattan,Sutton Place/Turtle Bay North,6,3552,14.22,2.62,9.9
Manhattan,TriBeCa/Civic Center,2,3498,15.1,2.66,11.74
Manhattan,Battery Park City,21,3497,21.73,4.29,16.31
Manhattan,Clinton West,22,3494,16.19,2.78,13.95
Manhattan,Greenwich Village North,7,3474,14.57,2.42,12.42
Manhattan,Financial District North,0,3472,20.43,3.87,15.71
Manhattan,Morningside Heights,8,3446,16.66,2.78,15.61
Manhattan,Meatpacking/West Village West,9,3443,17.09,2.68,15.36
Manhattan,World Trade Center,21,3428,21.46,3.98,17.91
Manhattan,Lenox Hill West,1,3423,12.86,2.29,9.55
Manhattan,Central Park,23,3416,13.9,2.18,11.56
Manhattan,Hudson Sq,10,3403,17.55,2.5,16.84
Queens,East Elmhurst,15,3395,48.6,9.49,38.83
Manhattan,Financial District North,12,3372,24.61,4.66,21.87
Manhattan,Morningside Heights,21,3367,16.18,2.88,14.03
Queens,East Elmhurst,14,3340,48.58,10.56,37.43
Manhattan,Financial District South,15,3276,27.72,5.37,29.13
Manhattan,Greenwich Village South,9,3275,14.42,2.03,13.28
Manhattan,Times Sq/Theatre District,5,3265,37.64,8.12,19.86
Manhattan,Kips Bay,1,3249,13.2,2.3,10.26
Manhattan,West Village,4,3246,17.07,3.28,12.47
Manhattan,Sutton Place/Turtle Bay North,1,3228,13.0,2.27,10.09
Manhattan,East Harlem South,20,3206,14.87,2.68,12.87
Manhattan,East Chelsea,6,3204,16.95,3.23,13.86
Manhattan,Lower East Side,11,3179,18.6,2.99,16.99
Queens,East Elmhurst,16,3154,48.21,9.45,38.57
Manhattan,Little Italy/NoLiTa,10,3152,16.87,2.46,16.1
Manhattan,Central Harlem,17,3148,18.31,3.33,22.12
Manhattan,Financial District South,19,3147,22.82,4.42,18.69
Manhattan,Hudson Sq,23,3134,16.2,2.66,14.56
Manhattan,Alphabet City,2,3129,14.95,2.5,12.34
Manhattan,Financial District North,11,3117,24.56,4.55,21.3
Manhattan,Upper East Side North,0,3092,12.66,2.17,9.66
Manhattan,Lincoln Square West,23,3088,14.76,2.5,12.23
Manhattan,SoHo,10,3081,16.6,2.29,16.07
Manhattan,East Chelsea,3,3073,16.02,2.93,11.65
Queens,East Elmhurst,21,3064,41.26,9.38,23.16
Queens,JFK Airport,4,3062,48.58,11.97,21.28
Manhattan,Penn Station/Madison Sq West,2,3050,16.68,3.06,12.12
Manhattan,World Trade Center,10,3025,23.19,4.15,19.95
Manhattan,Times Sq/Theatre District,4,3020,34.89,7.41,17.94
Manhattan,Meatpacking/West Village West,8,3010,16.69,2.69,14.68
Manhattan,Central Harlem,8,3009,18.29,3.22,20.46
Manhattan,Lincoln Square East,1,2995,14.29,2.54,11.09
Manhattan,Hudson Sq,9,2981,16.75,2.48,15.45
Manhattan,Central Harlem,14,2980,19.6,3.66,23.31
Manhattan,Little Italy/NoLiTa,4,2975,14.93,2.67,11.26
Manhattan,Central Harlem,16,2952,19.61,3.78,25.95
Manhattan,Financial District South,14,2913,27.74,5.42,27.46
Queens,JFK Airport,3,2907,50.09,12.49,22.28
Manhattan,Alphabet City,0,2899,15.74,2.59,13.69
Manhattan,Midtown North,6,2897,25.34,5.18,15.47
Manhattan,Financial District South,20,2897,22.95,4.53,17.99
Manhattan,Times Sq/Theatre District,3,2887,25.43,5.18,14.73
Manhattan,Midtown East,5,2884,21.67,4.49,12.14
Manhattan,Central Harlem,15,2872,18.26,3.26,21.35
Queens,East Elmhurst,20,2865,41.68,9.36,24.08
Manhattan,East Harlem North,15,2860,20.38,3.78,24.36
Queens,East Elmhurst,17,2853,46.48,9.33,35.66
Manhattan,West Chelsea/Hudson Yards,7,2848,16.99,2.74,16.21
Manhattan,Yorkville East,22,2830,14.27,2.47,11.17
Manhattan,SoHo,2,2820,14.28,2.4,11.38
Manhattan,East Harlem North,14,2819,20.44,3.77,23.89
Queens,LaGuardia Airport,2,2817,40.43,9.45,18.84
Manhattan,Central Harlem,9,2758,17.95,3.18,19.25
Manhattan,Gramercy,3,2755,14.22,2.62,9.93
Manhattan,Financial District South,21,2748,22.88,4.51,17.51
Manhattan,Bloomingdale,17,2733,14.41,2.2,13.64
Manhattan,Greenwich Village North,3,2722,13.62,2.35,10.77
Manhattan,East Harlem North,9,2708,20.27,3.68,22.63
Manhattan,Bloomingdale,10,2699,15.67,2.53,14.37
Manhattan,East Harlem North,16,2698,19.88,3.7,23.98
Manhattan,Bloomingdale,9,2690,16.23,2.67,15.18
Queens,East Elmhurst,11,2681,47.6,9.72,35.41
Manhattan,Bloomingdale,12,2676,15.7,2.46,14.62
Queens,East Elmhurst,13,2669,46.73,9.45,33.78
Queens,East Elmhurst,18,2665,45.08,9.41,31.88
Manhattan,Flatiron,3,2663,15.06,2.76,10.94
Manhattan,Central Harlem,13,2661,19.21,3.48,21.17
Manhattan,Financial District South,13,2657,26.07,5.06,24.2
Manhattan,Lenox Hill East,0,2653,14.54,2.64,10.84
Manhattan,Bloomingdale,14,2652,15.24,2.33,14.22
Manhattan,East Harlem North,8,2644,20.66,3.77,22.95
Manhattan,Yorkville West,2,2639,12.7,2.34,8.94
Queens,East Elmhurst,22,2634,40.97,9.39,22.54
Manhattan,Financial District North,10,2631,23.93,4.44,20.47
Manhattan,Clinton West,23,2630,15.76,2.67,13.04
Manhattan,Lower East Side,10,2627,18.43,3.08,16.4
Manhattan,Manhattan Valley,22,2624,15.06,2.56,12.34
Manhattan,World Trade Center,22,2602,22.13,4.06,18.14
Manhattan,East Harlem North,7,2599,19.72,3.81,21.59
Queens,East Elmhurst,19,2594,42.66,9.32,26.81
Manhattan,East Harlem North,17,2588,18.81,3.36,21.66
Manhattan,Central Harlem,12,2586,18.76,3.43,20.57
Manhattan,East Harlem South,21,2577,14.77,2.59,11.93
Queens,East Elmhurst,23,2577,40.53,9.33,21.49
Queens,East Elmhurst,10,2576,47.2,9.68,36.52
Manhattan,Central Harlem,7,2564,19.93,3.84,22.26
Manhattan,Central Harlem,11,2560,18.95,3.47,21.02
Manhattan,Financial District South,22,2559,23.26,4.47,18.15
Manhattan,Bloomingdale,18,2556,14.34,2.21,13.12
Manhattan,Hudson Sq,8,2555,16.42,2.58,14.31
Manhattan,East Harlem North,12,2542,20.19,3.82,22.28
Manhattan,Central Harlem,18,2539,17.62,3.23,19.44
Manhattan,Meatpacking/West Village West,3,2535,15.23,2.7,12.01
Manhattan,Bloomingdale,13,2533,15.99,2.56,14.73
Manhattan,Battery Park City,7,2510,23.14,4.66,17.93
Manhattan,Bloomingdale,15,2510,15.01,2.29,14.46
Manhattan,Morningside Heights,7,2510,18.01,3.22,16.41
Manhattan,Clinton West,7,2508,18.4,3.42,14.1
Manhattan,Financial District North,9,2499,23.46,4.25,20.03
Manhattan,East Harlem North,18,2482,18.21,3.23,18.72
Queens,East Elmhurst,12,2455,47.03,9.66,34.2
Manhattan,Midtown South,3,2434,16.7,3.09,11.7
Manhattan,East Village,6,2425,16.47,3.23,12.09
Manhattan,Bloomingdale,11,2418,15.9,2.49,14.99
Manhattan,Bloomingdale,8,2416,16.93,2.67,15.84
Manhattan,Kips Bay,6,2416,15.37,3.0,12.23
Manhattan,Financial District North,1,2405,19.71,3.8,14.77
Manhattan,East Harlem North,11,2401,19.91,3.77,21.8
Manhattan,Murray Hill,2,2387,15.79,2.93,10.66
Manhattan,Yorkville West,5,2386,19.35,4.32,11.45
Manhattan,Central Harlem North,8,2386,24.9,5.32,33.8
Manhattan,Bloomingdale,16,2385,15.06,2.35,14.61
Manhattan,East Harlem North,13,2385,20.44,3.9,22.64
Manhattan,Union Sq,3,2351,15.43,2.74,11.42
Manhattan,Lincoln Square West,6,2349,15.84,3.06,11.71
Manhattan,UN/Turtle Bay South,6,2345,18.73,3.74,11.67
Manhattan,TriBeCa/Civic Center,3,2339,15.46,16.82,11.52
Manhattan,UN/Turtle Bay South,0,2338,13.79,2.44,10.61
Manhattan,Lower East Side,9,2326,18.62,3.12,15.59
Manhattan,Upper West Side South,1,2321,13.59,2.4,10.39
Manhattan,Greenwich Village South,8,2313,14.2,2.1,12.93
Manhattan,Financial District South,12,2300,25.04,4.66,22.26
Manhattan,East Harlem North,10,2297,20.27,3.82,21.94
Manhattan,Financial District South,23,2296,22.86,4.44,18.26
Manhattan,Central Harlem,10,2293,17.9,3.23,19.54
Manhattan,Hudson Sq,0,2268,15.14,2.45,12.73
Manhattan,SoHo,9,2264,16.67,2.38,15.43
Manhattan,Midtown South,6,2257,19.52,3.84,12.65
Manhattan,Seaport,21,2251,19.97,3.77,15.87
Manhattan,Central Harlem North,9,2238,24.0,4.86,30.51
Manhattan,World Trade Center,9,2198,21.73,3.81,18.78
Manhattan,Little Italy/NoLiTa,9,2180,16.5,2.5,14.82
Manhattan,Financial District North,8,2180,23.77,4.62,19.75
Manhattan,Garment District,2,2175,16.43,2.99,11.92
Queens,East Elmhurst,9,2152,47.04,9.87,37.55
Manhattan,Lenox Hill West,2,2149,13.13,2.38,9.26
Manhattan,Upper West Side North,0,2145,13.98,2.45,10.61
Manhattan,East Chelsea,4,2136,19.89,3.76,12.73
Manhattan,Morningside Heights,22,2123,16.14,2.84,13.49
Manhattan,Kips Bay,2,2117,13.13,2.36,9.78
Manhattan,Penn Station/Madison Sq West,3,2117,16.09,2.99,11.2
Manhattan,Union Sq,6,2114,15.43,2.88,10.7
Manhattan,East Chelsea,5,2086,18.21,3.67,12.6
Manhattan,Midtown South,4,2075,21.37,4.17,12.94
Manhattan,Seaport,20,2073,19.98,3.78,15.99
Manhattan,Alphabet City,23,2071,15.98,2.48,14.2
Manhattan,Penn Station/Madison Sq West,4,2056,17.71,3.44,11.6
Manhattan,Chinatown,16,2029,25.94,4.79,31.17
Manhattan,Gramercy,4,1996,17.01,3.39,10.64
Manhattan,Flatiron,4,1990,18.19,3.6,11.96
Manhattan,Midtown Center,5,1976,35.52,7.5,18.08
Manhattan,West Chelsea/Hudson Yards,4,1969,15.32,2.78,11.11
Manhattan,Central Harlem North,7,1966,25.59,5.71,32.9
Manhattan,Sutton Place/Turtle Bay North,2,1955,13.58,2.51,9.68
Manhattan,Yorkville East,23,1945,13.04,2.23,9.86
Manhattan,Central Harlem,19,1932,16.61,3.06,16.33
Manhattan,Flatiron,6,1931,17.13,3.4,12.33
Manhattan,Central Harlem North,12,1925,25.88,5.57,32.14
Manhattan,Greenwich Village South,4,1923,16.2,2.91,11.47
Manhattan,Bloomingdale,19,1922,14.28,2.3,12.41
Manhattan,Murray Hill,5,1909,21.66,4.35,11.95
Manhattan,Bloomingdale,7,1906,17.82,3.16,15.93
Manhattan,Financial District South,11,1905,25.75,4.85,22.95
Manhattan,East Harlem South,6,1893,20.9,4.56,18.59
Manhattan,Lenox Hill West,5,1885,19.38,4.16,11.52
Manhattan,Midtown East,2,1880,16.0,2.97,10.86
Manhattan,Central Harlem North,10,1874,24.63,5.13,31.43
Manhattan,Gramercy,5,1869,18.65,3.87,11.23
Manhattan,Chinatown,20,1855,18.48,3.13,16.16
Manhattan,Central Harlem North,16,1844,25.16,5.4,36.57
Manhattan,Yorkville East,5,1841,21.49,4.93,12.19
Manhattan,World Trade Center,23,1832,21.54,4.1,18.08
Manhattan,Battery Park City,22,1829,20.99,4.0,16.13
Manhattan,Central Harlem North,13,1824,25.37,5.37,31.28
Manhattan,Hudson Sq,1,1818,14.87,2.47,12.19
Manhattan,Financial District South,0,1816,22.12,4.4,16.68
Manhattan,Upper East Side North,5,1789,23.2,5.24,13.62
Manhattan,East Harlem South,22,1781,14.87,2.66,11.76
Brooklyn,East New York,9,1781,32.21,7.73,44.48
Manhattan,Central Harlem North,11,1777,25.84,5.54,33.54
Manhattan,Seaport,22,1773,21.26,3.98,17.02
Manhattan,Clinton West,0,1769,15.62,2.75,12.45
Manhattan,Upper East Side South,2,1762,13.16,2.33,9.32
Brooklyn,East New York,8,1762,35.48,9.29,54.21
Brooklyn,East New York,10,1758,32.37,7.49,44.08
Manhattan,West Village,6,1743,15.01,2.85,10.96
Manhattan,Seaport,19,1736,19.38,3.53,16.59
Manhattan,Seaport,18,1735,20.43,3.66,18.92
Manhattan,Chinatown,17,1719,23.4,4.11,27.51
Manhattan,Chinatown,19,1717,18.69,3.14,17.27
Manhattan,Midtown Center,2,1709,16.83,3.15,11.83
Manhattan,Alphabet City,3,1709,15.3,2.65,12.25
Queens,East Elmhurst,0,1707,40.33,9.32,20.14
Manhattan,Central Harlem North,14,1704,25.34,5.47,33.28
Manhattan,Chinatown,15,1704,24.31,4.19,26.88
Manhattan,Chinatown,21,1697,18.98,3.27,16.71
Manhattan,Central Park,0,1694,13.74,2.26,11.18
Manhattan,Seaport,17,1680,24.22,4.72,26.73
Manhattan,Midtown North,2,1678,16.45,3.01,11.94
Manhattan,Midtown North,5,1658,33.21,7.15,18.07
Manhattan,Meatpacking/West Village West,7,1655,21.48,3.94,18.65
Manhattan,Lenox Hill West,3,1654,13.47,2.55,9.06
Manhattan,East Harlem North,19,1644,17.78,3.35,16.56
Manhattan,East Village,5,1642,18.06,3.68,12.35
Manhattan,Chinatown,14,1625,23.26,4.04,24.36
Manhattan,Manhattan Valley,6,1620,18.44,3.8,14.3
Manhattan,Yorkville West,3,1616,12.82,2.46,8.36
Manhattan,Upper West Side North,5,1614,23.75,5.37,16.26
Brooklyn,Crown Heights North,9,1611,27.6,6.01,41.32
Manhattan,Financial District South,10,1611,24.29,4.64,21.28
Manhattan,Yorkville West,4,1609,17.71,3.82,10.36
Manhattan,Central Harlem,20,1588,16.9,3.18,16.52
Manhattan,Central Harlem North,17,1587,24.47,5.09,33.08
Manhattan,Seaport,16,1580,24.9,4.86,28.99
Manhattan,Bloomingdale,20,1575,14.79,2.51,12.78
Manhattan,Union Sq,4,1571,17.95,3.48,11.83
Manhattan,Central Harlem North,15,1567,25.03,5.31,34.11
Manhattan,Hudson Sq,7,1558,18.03,3.2,14.11
Manhattan,Lower East Side,8,1557,19.66,3.5,16.09
Manhattan,Upper West Side South,5,1547,24.47,5.52,15.49
Manhattan,Chinatown,18,1533,20.53,3.49,20.74
Manhattan,Chinatown,13,1532,24.03,4.34,25.3
Manhattan,Garment District,3,1529,19.55,3.67,12.36
Manhattan,Lenox Hill West,4,1505,17.96,3.77,10.83
Manhattan,Manhattan Valley,23,1504,15.51,2.73,12.37
Manhattan,TriBeCa/Civic Center,4,1503,17.42,3.41,11.85
Manhattan,Seaport,15,1501,26.05,5.08,29.6
Manhattan,Chinatown,12,1499,23.0,3.82,23.35
Manhattan,Kips Bay,3,1488,13.43,2.5,9.39
Brooklyn,East New York,11,1472,32.75,7.57,45.09
Manhattan,Garment District,4,1459,22.59,4.43,12.93
Brooklyn,Crown Heights North,10,1442,28.29,6.11,42.5
Manhattan,World Trade Center,8,1442,22.39,4.26,17.65
Manhattan,Seaport,23,1438,20.45,3.87,16.25
Manhattan,Upper East Side South,5,1436,22.71,4.95,13.59
Manhattan,Seaport,14,1435,24.42,4.65,25.64
Manhattan,Lincoln Square East,5,1425,24.26,5.38,14.97
Brooklyn,East New York,7,1425,38.3,9.82,64.27
Manhattan,SoHo,3,1420,14.48,2.54,11.23
Brooklyn,Crown Heights North,8,1418,29.34,6.66,47.73
Manhattan,Kips Bay,4,1409,14.93,2.87,9.71
Manhattan,Little Italy/NoLiTa,8,1397,16.08,2.53,14.11
Manhattan,Morningside Heights,23,1390,16.06,2.85,12.91
Manhattan,Hudson Sq,2,1380,14.68,2.45,11.36
Manhattan,Alphabet City,22,1377,16.73,2.68,15.23
Manhattan,Bloomingdale,21,1374,14.05,2.32,11.65
Manhattan,Murray Hill,3,1372,17.85,3.43,10.81
Manhattan,Financial District South,9,1371,22.55,3.85,19.52
Manhattan,SoHo,8,1366,16.74,2.69,14.73
Manhattan,Chinatown,22,1361,18.44,3.19,16.3
Manhattan,Midtown South,5,1359,26.83,5.56,14.89
Manhattan,Midtown North,4,1358,34.95,7.41,17.5
Manhattan,Central Park,6,1355,18.33,3.62,11.87
Manhattan,Upper East Side North,1,1349,12.83,2.21,9.22
Manhattan,Central Harlem,21,1339,16.96,3.31,16.18
Manhattan,Lenox Hill East,5,1309,20.3,4.41,12.5
Brooklyn,East New York,12,1295,33.12,7.7,44.91
Manhattan,Lenox Hill East,1,1293,13.83,2.44,9.81
Manhattan,Chinatown,11,1289,23.15,3.99,24.27
Manhattan,Midtown Center,4,1282,40.54,8.6,19.0
Queens,East Elmhurst,8,1275,47.46,10.17,41.94
Queens,Sunnyside,16,1274,46.37,6.52,36.0
Manhattan,Central Harlem,6,1274,22.68,4.89,22.78
Manhattan,Murray Hill,4,1263,24.05,4.89,12.29
Manhattan,Greenwich Village North,4,1253,17.37,3.24,12.15
Manhattan,Financial District North,2,1252,19.9,3.84,14.28
Manhattan,Hudson Sq,3,1240,15.26,2.68,11.51
Manhattan,Greenwich Village South,7,1236,15.19,2.64,12.85
Manhattan,East Harlem South,23,1236,14.67,2.68,11.5
Manhattan,East Harlem North,20,1235,18.43,3.57,16.22
Manhattan,Flatiron,5,1211,20.75,4.5,14.17
Manhattan,Lincoln Square West,0,1211,14.76,2.59,11.85
Manhattan,Sutton Place/Turtle Bay North,5,1207,22.18,4.66,13.08
Brooklyn,Canarsie,9,1207,33.36,7.64,46.77
Manhattan,Washington Heights South,12,1204,30.05,6.97,33.3
Manhattan,Financial District South,1,1202,21.5,4.3,15.53
Manhattan,Seaport,0,1201,19.26,3.63,14.96
Manhattan,Washington Heights South,14,1189,28.73,6.32,34.0
Manhattan,UN/Turtle Bay South,1,1188,13.75,2.48,10.02
Manhattan,Clinton West,1,1187,15.11,2.71,11.44
Manhattan,Hamilton Heights,8,1179,22.35,4.59,25.26
Brooklyn,East New York,13,1175,31.56,7.31,45.47
Manhattan,Kips Bay,5,1173,16.14,3.25,10.55
Manhattan,Sutton Place/Turtle Bay North,3,1171,15.39,3.01,10.05
Manhattan,Hamilton Heights,7,1169,24.18,5.38,26.88
Manhattan,Washington Heights South,11,1165,28.86,6.62,33.21
Brooklyn,East New York,14,1165,29.92,6.39,43.77
Brooklyn,Crown Heights North,13,1158,29.15,6.35,45.37
Manhattan,Central Harlem,22,1158,15.98,2.88,14.06
Manhattan,Washington Heights South,13,1154,28.66,6.39,30.87
Brooklyn,Crown Heights North,11,1147,29.71,6.58,45.06
Manhattan,Washington Heights South,15,1147,28.27,6.11,34.25
Manhattan,Washington Heights South,9,1126,27.72,6.12,31.3
Manhattan,Seaport,13,1123,24.83,4.75,24.52
Brooklyn,Crown Heights North,12,1116,30.27,6.82,45.4
Manhattan,Midtown East,4,1116,31.84,6.95,15.75
Manhattan,Financial District South,8,1110,22.3,4.07,18.05
Manhattan,Chinatown,23,1106,17.67,3.07,14.95
Manhattan,Stuy Town/Peter Cooper Village,10,1104,14.97,2.19,14.75
Manhattan,East Harlem North,21,1103,17.45,3.35,14.51
Queens,Sunnyside,14,1101,50.61,7.28,33.09
Brooklyn,Brownsville,9,1100,32.16,7.45,46.78
Manhattan,Two Bridges/Seward Park,22,1098,19.5,3.34,17.08
Manhattan,Seaport,12,1097,24.85,4.72,23.55
Brooklyn,Crown Heights North,7,1096,31.05,7.24,50.43
Manhattan,Financial District North,7,1094,26.98,5.95,21.35
Manhattan,West Village,5,1094,19.42,3.93,12.54
Manhattan,World Trade Center,0,1093,23.66,5.04,19.19
Manhattan,Midtown North,3,1087,22.83,4.55,13.69
Manhattan,Washington Heights South,10,1077,27.64,6.08,30.31
Manhattan,Upper West Side North,1,1077,13.57,2.33,10.16
Brooklyn,East New York,6,1073,42.51,11.04,65.07
Manhattan,Central Harlem North,6,1068,29.48,7.16,35.17
Manhattan,Lincoln Square East,2,1068,15.54,2.86,11.41
Manhattan,Sutton Place/Turtle Bay North,4,1065,21.17,4.41,12.03
Manhattan,Greenwich Village North,6,1065,15.65,2.97,11.14
Manhattan,Upper East Side South,3,1063,14.27,2.65,9.63
Manhattan,Central Harlem North,18,1062,22.79,4.9,26.38
Brooklyn,East New York,15,1061,32.23,7.55,49.01
Manhattan,Lower East Side,7,1057,22.88,4.52,18.65
Brooklyn,Flatbush/Ditmas Park,9,1055,29.97,6.63,46.27
Manhattan,Stuy Town/Peter Cooper Village,18,1052,15.22,2.23,14.69
Brooklyn,Prospect-Lefferts Gardens,9,1051,27.86,5.94,41.97
Brooklyn,Brownsville,8,1047,32.58,8.05,51.25
Brooklyn,Canarsie,10,1045,32.8,7.48,45.21
Manhattan,Midtown Center,3,1043,26.95,5.57,14.57
Queens,Sunnyside,15,1042,51.11,7.02,33.95
Manhattan,TriBeCa/Civic Center,6,1039,21.24,4.38,14.81
Manhattan,Hamilton Heights,9,1030,23.23,4.59,26.2
Manhattan,Two Bridges/Seward Park,23,1023,19.27,3.38,16.13
Manhattan,UN/Turtle Bay South,5,1022,26.19,5.56,13.44
Manhattan,Alphabet City,21,1012,16.5,2.65,14.87
Manhattan,Two Bridges/Seward Park,21,1001,19.4,3.15,16.46
Manhattan,Chinatown,10,997,23.09,3.95,23.81
Manhattan,Stuy Town/Peter Cooper Village,11,995,15.81,2.31,15.61
Brooklyn,Canarsie,8,995,34.35,8.05,52.88
Manhattan,Washington Heights South,16,988,27.52,5.89,33.25
Manhattan,Two Bridges/Seward Park,0,974,19.21,3.35,15.77
Brooklyn,Flatbush/Ditmas Park,8,967,30.76,6.91,50.28
Manhattan,Two Bridges/Seward Park,18,963,21.52,3.86,21.56
Manhattan,Midtown East,3,961,21.4,4.29,12.1
Manhattan,Bloomingdale,22,959,15.31,2.67,13.23
Brooklyn,Brownsville,10,956,31.63,7.32,45.52
Manhattan,Upper West Side South,2,950,14.34,2.69,10.3
Manhattan,Stuy Town/Peter Cooper Village,12,949,15.93,2.23,15.78
Manhattan,Stuy Town/Peter Cooper Village,9,946,15.85,2.48,14.85
Manhattan,Yorkville East,0,946,13.99,2.48,10.29
Brooklyn,Prospect-Lefferts Gardens,8,943,27.55,5.63,45.55
Manhattan,Stuy Town/Peter Cooper Village,17,943,16.48,2.34,15.91
Brooklyn,Flatbush/Ditmas Park,10,943,30.7,6.94,47.59
Manhattan,Battery Park City,6,941,28.79,6.41,17.82
Manhattan,Two Bridges/Seward Park,13,940,24.79,4.81,28.11
Brooklyn,Crown Heights North,14,938,29.15,6.49,47.49
Manhattan,Two Bridges/Seward Park,20,934,19.7,3.42,17.92
Manhattan,Two Bridges/Seward Park,12,927,23.91,4.63,27.87
Queens,Sunnyside,13,925,48.19,6.81,28.1
Brooklyn,Downtown Brooklyn/MetroTech,16,916,32.25,6.86,44.41
Manhattan,Seaport,11,914,24.87,4.74,24.22
Queens,LaGuardia Airport,3,914,39.98,9.49,19.01
Brooklyn,Downtown Brooklyn/MetroTech,17,913,29.32,5.87,35.44
Manhattan,Two Bridges/Seward Park,17,912,23.57,4.44,26.33
Manhattan,Morningside Heights,0,910,14.76,2.65,11.54
Manhattan,Two Bridges/Seward Park,19,908,20.25,3.58,19.77
Queens,Sunnyside,17,906,45.18,6.87,35.78
Brooklyn,Prospect-Lefferts Gardens,10,906,28.57,6.08,41.97
Brooklyn,Prospect-Lefferts Gardens,13,904,28.68,6.02,43.29
Manhattan,Lower East Side,5,901,20.46,4.08,13.03
Manhattan,Washington Heights South,8,899,25.51,5.46,27.53
Queens,Long Island City/Hunters Point,16,898,54.31,6.74,36.13
Queens,Richmond Hill,15,888,46.34,11.4,69.64
Manhattan,Central Harlem North,19,888,22.87,4.9,25.3
Brooklyn,Canarsie,6,888,47.68,12.32,69.64
Brooklyn,Canarsie,7,887,39.43,9.89,64.53
Manhattan,Washington Heights South,17,885,27.06,5.85,31.39
Manhattan,Washington Heights South,7,884,24.71,5.26,24.96
Manhattan,Two Bridges/Seward Park,11,883,25.82,5.22,30.62
Manhattan,Two Bridges/Seward Park,15,882,23.35,4.08,26.1
Manhattan,Two Bridges/Seward Park,9,881,24.91,4.88,29.96
Manhattan,Two Bridges/Seward Park,10,873,25.4,5.03,29.42
Manhattan,Seaport,1,871,18.57,3.49,14.18
Manhattan,East Harlem North,6,869,24.02,5.63,24.96
Manhattan,Two Bridges/Seward Park,16,862,26.46,5.05,31.87
Manhattan,Upper East Side South,4,862,20.29,4.24,12.11
Brooklyn,Flatlands,9,860,30.54,6.86,46.16
Brooklyn,East Flatbush/Remsen Village,9,855,28.86,5.93,42.37
Manhattan,Manhattan Valley,0,855,15.08,2.63,11.42
Manhattan,Stuy Town/Peter Cooper Village,13,850,16.2,2.28,16.16
Manhattan,Hamilton Heights,10,849,22.54,4.56,26.03
Manhattan,Two Bridges/Seward Park,14,848,23.77,4.59,28.26
Brooklyn,Canarsie,11,847,33.28,7.29,45.5
Manhattan,Two Bridges/Seward Park,8,845,24.96,4.75,29.64
Brooklyn,Stuyvesant Heights,9,838,28.08,6.11,43.46
Brooklyn,Canarsie,12,837,34.93,8.22,47.14
Manhattan,Hamilton Heights,12,833,24.94,5.11,28.58
Manhattan,Lenox Hill East,2,833,13.79,2.41,9.42
Brooklyn,Stuyvesant Heights,8,831,28.32,6.27,46.55
Brooklyn,Prospect-Lefferts Gardens,12,829,29.34,6.18,44.54
Manhattan,Stuy Town/Peter Cooper Village,16,826,15.95,2.37,16.06
Manhattan,Hamilton Heights,13,824,25.57,5.42,29.4
Manhattan,Stuy Town/Peter Cooper Village,19,823,15.41,2.47,14.09
Manhattan,Union Sq,5,823,20.95,4.34,12.52
Queens,Sunnyside,12,823,48.45,6.92,26.5
Manhattan,East Harlem South,5,814,24.06,5.44,18.8
Manhattan,Chinatown,0,812,18.09,3.16,14.7
Brooklyn,Red Hook,9,809,52.61,10.44,34.66
Brooklyn,Flatbush/Ditmas Park,7,808,34.11,8.26,57.06
Manhattan,Alphabet City,20,808,17.14,2.87,16.04
Brooklyn,Crown Heights North,15,807,29.43,6.63,47.75
Manhattan,Stuy Town/Peter Cooper Village,15,799,16.18,2.26,16.09
Brooklyn,Brooklyn Heights,16,797,30.71,6.96,46.17
Brooklyn,Brownsville,11,796,32.61,7.52,47.02
Brooklyn,Flatbush/Ditmas Park,13,789,29.12,6.17,44.22
Manhattan,Hamilton Heights,11,789,24.82,5.09,28.06
Brooklyn,Prospect-Lefferts Gardens,11,788,29.59,6.31,44.16
Manhattan,Battery Park City,23,788,21.63,4.17,16.59
Brooklyn,Flatbush/Ditmas Park,12,788,30.52,6.81,44.88
Manhattan,Clinton West,2,787,15.76,2.88,11.12
Manhattan,Central Harlem,23,785,14.48,2.61,11.84
Brooklyn,Flatlands,10,782,31.48,7.28,47.87
Manhattan,Chinatown,9,781,19.86,3.3,20.06
Brooklyn,Flatlands,8,779,33.21,7.68,55.84
Manhattan,Lincoln Square West,5,778,21.25,4.73,15.58
Brooklyn,Flatbush/Ditmas Park,11,776,31.84,7.38,48.2
Brooklyn,Red Hook,8,775,48.59,9.85,30.88
Manhattan,Hamilton Heights,14,775,24.55,5.13,29.58
Manhattan,Seaport,10,775,22.82,4.2,22.01
Manhattan,Two Bridges/Seward Park,1,774,17.61,3.03,14.41
Manhattan,East Harlem North,22,774,16.65,3.19,13.09
Manhattan,Morningside Heights,6,770,19.68,4.06,16.22
Manhattan,Stuy Town/Peter Cooper Village,14,767,17.3,2.59,17.34
Manhattan,Manhattanville,17,764,21.02,4.19,24.5
Queens,Sunnyside,8,764,37.81,5.63,23.78
Manhattan,Lenox Hill East,4,760,20.88,4.51,12.17
Manhattan,East Harlem South,0,756,14.82,2.79,10.97
Brooklyn,Ocean Hill,9,753,31.62,7.64,43.66
Brooklyn,Stuyvesant Heights,10,752,29.1,6.29,46.37
Manhattan,World Trade Center,7,744,28.51,6.14,21.26
Manhattan,Bloomingdale,23,741,15.58,2.71,12.7
Brooklyn,Brownsville,7,735,33.61,8.36,58.19
Queens,Sunnyside,11,735,41.56,5.94,24.48
Brooklyn,East Flatbush/Remsen Village,8,734,30.72,6.97,49.81
Manhattan,Stuy Town/Peter Cooper Village,8,731,15.81,2.52,14.42
Brooklyn,Brownsville,12,731,31.54,7.14,44.73
Brooklyn,Prospect-Lefferts Gardens,14,729,27.43,5.53,42.55
Brooklyn,Flatlands,7,729,33.9,8.28,59.82
Bronx,Co-Op City,6,727,45.51,13.43,62.59
Manhattan,Central Harlem North,20,726,23.43,5.14,24.92
Brooklyn,East Flatbush/Remsen Village,10,725,28.44,6.26,41.37
Brooklyn,Canarsie,13,724,33.43,7.4,46.89
Brooklyn,Brownsville,13,724,30.79,7.06,44.94
Manhattan,Yorkville East,4,721,24.1,5.53,12.23
Brooklyn,Prospect-Lefferts Gardens,6,716,36.38,9.78,56.45
Brooklyn,Fort Greene,22,716,22.92,4.31,19.12
Queens,Sunnyside,10,716,40.78,5.8,23.82
Brooklyn,Crown Heights North,6,716,34.3,8.86,51.5
Manhattan,SoHo,7,715,17.87,3.25,13.76
Brooklyn,East Flatbush/Farragut,8,709,28.99,6.14,45.84
Queens,Long Island City/Hunters Point,15,708,53.62,7.37,37.57
Queens,Sunnyside,9,707,36.91,5.53,25.77
Queens,Jamaica,16,707,45.46,11.4,62.78
Brooklyn,Downtown Brooklyn/MetroTech,15,707,30.97,6.52,40.7
Brooklyn,East Flatbush/Farragut,9,706,28.54,6.16,43.38
Manhattan,Stuy Town/Peter Cooper Village,22,703,15.82,2.62,13.76
Manhattan,Upper West Side South,4,703,25.9,5.84,14.84
Manhattan,Clinton West,6,702,19.08,3.89,15.49
Manhattan,Lincoln Square East,4,700,26.35,5.7,14.72
Brooklyn,Fort Greene,12,698,27.18,5.8,37.65
Bronx,East Concourse/Concourse Village,9,697,31.1,7.09,46.01
Queens,Long Island City/Hunters Point,14,696,55.19,7.8,36.08
Brooklyn,Brooklyn Heights,12,694,28.61,6.02,37.62
Brooklyn,East New York,16,694,33.15,7.5,50.59
Manhattan,Financial District South,2,692,21.67,4.43,14.9
Brooklyn,Flatbush/Ditmas Park,14,691,29.89,6.51,46.93
Queens,Sunnyside,7,691,38.86,5.73,21.57
Brooklyn,Downtown Brooklyn/MetroTech,18,689,25.34,5.09,26.31
Brooklyn,Downtown Brooklyn/MetroTech,14,689,30.9,6.49,38.03
Manhattan,Manhattanville,16,687,20.92,4.19,25.34
Brooklyn,Coney Island,8,686,42.53,11.32,63.09
Manhattan,Stuy Town/Peter Cooper Village,21,685,14.85,2.37,12.78
Manhattan,UN/Turtle Bay South,2,683,17.18,3.14,10.12
Brooklyn,Fort Greene,13,682,27.29,5.66,38.35
Manhattan,Stuy Town/Peter Cooper Village,20,682,14.5,2.2,12.89
Brooklyn,Ocean Hill,10,680,31.66,7.2,43.58
Brooklyn,Red Hook,7,676,49.04,10.14,28.75
Brooklyn,East Flatbush/Farragut,10,672,29.03,6.38,42.26
Queens,Richmond Hill,16,671,46.08,10.69,51.37
Manhattan,Alphabet City,18,670,18.66,3.26,18.95
Brooklyn,Downtown Brooklyn/MetroTech,12,668,29.74,6.07,31.22
Manhattan,Hudson Sq,4,665,19.3,3.79,13.28
Brooklyn,Stuyvesant Heights,12,665,29.99,6.79,47.22
Manhattan,Washington Heights South,18,664,24.87,5.21,24.96
Manhattan,Upper West Side North,4,664,25.45,5.7,14.91
Manhattan,Alphabet City,4,664,17.0,3.27,13.78
Queens,Sunnyside,18,663,45.4,6.7,29.9
Brooklyn,Ocean Hill,8,662,31.76,7.63,47.7
Manhattan,Alphabet City,19,662,17.52,2.9,16.84
Bronx,East Concourse/Concourse Village,8,661,32.99,7.29,47.35
Manhattan,Meatpacking/West Village West,4,660,21.02,4.46,15.53
Brooklyn,Williamsburg (North Side),0,659,20.17,3.34,15.59
Manhattan,Hamilton Heights,15,657,24.57,5.12,30.19
Brooklyn,Crown Heights North,17,656,31.23,7.23,51.05
Brooklyn,Brooklyn Heights,15,653,29.94,6.14,41.91
Manhattan,Two Bridges/Seward Park,7,653,27.35,5.36,32.54
Brooklyn,Coney Island,10,653,39.54,10.42,53.44
Manhattan,Seaport,9,652,23.64,4.48,21.83
Brooklyn,Fort Greene,15,650,27.5,5.71,43.33
Manhattan,Lower East Side,6,649,24.4,5.16,15.83
Brooklyn,Fort Greene,16,648,26.91,5.7,41.89
Brooklyn,Crown Heights North,16,648,31.37,7.52,52.52
Queens,Baisley Park,16,647,69.95,14.06,53.7
Brooklyn,Canarsie,5,644,51.67,13.66,65.38
Brooklyn,Downtown Brooklyn/MetroTech,13,643,29.93,6.22,32.94
Brooklyn,Coney Island,9,641,41.96,11.39,58.18
Brooklyn,Fort Greene,17,641,25.89,5.48,37.6
Manhattan,Little Italy/NoLiTa,7,641,17.56,3.21,14.24
Brooklyn,Fort Greene,23,639,22.89,4.36,17.84
Manhattan,UN/Turtle Bay South,4,639,33.27,7.34,15.08
Brooklyn,Prospect-Lefferts Gardens,16,638,30.36,7.04,52.32
Manhattan,West Chelsea/Hudson Yards,6,637,20.31,3.88,15.9
Manhattan,Lenox Hill East,3,635,14.65,2.8,9.73
Brooklyn,Flatbush/Ditmas Park,6,634,38.75,10.41,62.34
Brooklyn,East New York,5,633,44.42,11.76,56.42
Manhattan,Alphabet City,14,632,23.55,4.89,30.44
Manhattan,East Harlem North,23,632,15.76,2.89,11.09
Bronx,East Concourse/Concourse Village,7,631,31.61,7.23,48.07
Brooklyn,Williamsburg (North Side),1,631,21.27,3.77,16.26
Brooklyn,Boerum Hill,12,629,29.03,6.25,40.47
Brooklyn,Brooklyn Heights,14,625,30.39,6.24,39.98
Brooklyn,Stuyvesant Heights,7,624,31.41,7.48,50.69
Queens,East Elmhurst,1,623,39.71,9.38,18.99
Brooklyn,Fort Greene,14,622,26.03,5.12,37.24
Brooklyn,Crown Heights South,9,621,27.28,5.79,42.98
Brooklyn,Stuyvesant Heights,11,619,29.31,6.77,47.46
Bronx,Soundview/Castle Hill,6,618,40.05,11.54,51.78
Bronx,Co-Op City,8,618,44.0,12.71,63.93
Manhattan,Lincoln Square East,3,617,19.65,4.03,12.29
Brooklyn,Brooklyn Heights,17,615,28.46,5.97,37.72
Manhattan,Manhattanville,14,612,20.69,3.94,22.01
Bronx,Soundview/Castle Hill,8,612,36.14,9.63,54.05
Bronx,Soundview/Castle Hill,9,610,34.87,9.02,48.05
Brooklyn,Bedford,8,610,27.06,5.76,41.47
Brooklyn,East New York,17,608,32.73,7.18,45.56
Brooklyn,Fort Greene,11,606,26.89,5.84,37.57
Brooklyn,Starrett City,10,606,37.1,8.86,49.45
Brooklyn,Brooklyn Heights,13,606,27.46,5.65,35.08
Manhattan,Alphabet City,15,604,22.87,4.58,31.36
Manhattan,Central Harlem,0,604,14.66,2.54,11.34
Manhattan,Manhattanville,7,604,20.75,4.23,20.17
Manhattan,Hamilton Heights,18,604,22.98,4.86,26.11
Brooklyn,Coney Island,7,604,44.19,11.89,69.19
Bronx,Williamsbridge/Olinville,6,603,44.73,13.25,62.26
Brooklyn,Brooklyn Heights,11,603,29.65,6.41,38.62
Manhattan,Hamilton Heights,16,602,22.69,4.79,27.66
Brooklyn,Flatlands,11,602,32.52,7.62,47.52
Brooklyn,Boerum Hill,16,600,29.13,6.3,44.05
Manhattan,Alphabet City,10,599,21.14,3.93,22.73
Manhattan,Hamilton Heights,17,598,22.55,4.66,27.1
Brooklyn,East Flatbush/Farragut,7,598,33.86,8.13,59.9
Brooklyn,Prospect-Lefferts Gardens,7,597,32.65,7.76,55.28
Brooklyn,Boerum Hill,15,595,30.39,6.71,46.34
Manhattan,Upper East Side North,2,595,12.41,2.17,8.87
Brooklyn,Boerum Hill,17,594,25.54,5.19,35.32
Manhattan,Stuy Town/Peter Cooper Village,7,594,16.91,3.01,15.57
Brooklyn,Fort Greene,10,594,26.27,5.17,34.68
Manhattan,Manhattanville,15,592,21.12,4.11,24.93
Brooklyn,Prospect-Lefferts Gardens,15,592,29.76,6.91,49.84
Manhattan,Stuy Town/Peter Cooper Village,23,592,14.85,2.4,12.85
Queens,East Elmhurst,7,590,45.16,9.99,40.65
Brooklyn,Flatlands,12,589,32.8,7.84,49.0
Queens,Long Island City/Hunters Point,17,589,50.63,7.17,35.45
Brooklyn,Stuyvesant Heights,13,588,29.91,6.84,46.65
Manhattan,Bloomingdale,6,585,17.64,3.55,13.79
Brooklyn,Downtown Brooklyn/MetroTech,11,584,30.12,6.26,31.71
Brooklyn,Coney Island,12,581,41.07,11.19,54.9
Brooklyn,Fort Greene,18,581,23.78,4.89,28.87
Queens,Astoria,9,581,25.26,4.27,26.08
Brooklyn,Starrett City,9,581,34.62,8.56,47.03
Manhattan,Central Park,1,581,13.81,2.39,10.62
Brooklyn,Bedford,9,580,27.38,6.03,41.58
Brooklyn,Boerum Hill,14,580,28.76,6.23,41.2
Manhattan,Manhattanville,18,578,17.21,3.15,18.01
Manhattan,Manhattan Valley,5,578,23.67,5.19,16.28
Brooklyn,Williamsburg (North Side),23,578,19.85,3.5,16.24
Brooklyn,Park Slope,11,576,28.99,6.02,41.02
Queens,Long Island City/Hunters Point,13,575,53.76,7.8,31.14
Brooklyn,Brownsville,14,574,31.85,7.49,49.71
Manhattan,Lincoln Square West,1,574,15.05,2.68,11.62
Manhattan,Manhattanville,9,573,21.02,4.06,22.56
Brooklyn,Coney Island,11,572,42.89,11.66,58.1
Bronx,University Heights/Morris Heights,8,572,34.56,8.73,51.44
Queens,Astoria,14,570,21.74,3.64,23.84
Queens,Sunnyside,6,569,43.34,6.18,18.61
Bronx,East Concourse/Concourse Village,6,569,34.92,8.99,47.16
Brooklyn,Bedford,10,568,27.2,5.75,38.6
Brooklyn,Bedford,13,567,29.09,6.5,44.82
Manhattan,Central Harlem North,21,566,23.05,5.23,23.69
Queens,Astoria,13,565,23.16,4.07,26.77
Manhattan,Upper West Side North,2,564,14.66,2.75,10.02
Manhattan,Alphabet City,9,564,21.59,3.98,24.59
Manhattan,Upper West Side South,3,562,17.7,3.62,11.41
Brooklyn,Canarsie,14,562,34.12,7.25,48.45
Queens,Astoria,8,560,25.2,4.12,27.09
Manhattan,SoHo,4,559,18.55,3.69,13.17
Brooklyn,Brownsville,6,559,40.26,10.79,64.33
Queens,Baisley Park,6,558,54.15,13.01,63.06
Brooklyn,East Flatbush/Remsen Village,11,558,29.39,6.29,43.61
Manhattan,Seaport,2,557,18.82,3.65,13.24
Manhattan,Alphabet City,17,557,19.35,3.41,21.34
Brooklyn,Brooklyn Heights,18,556,24.58,4.83,27.78
Bronx,Soundview/Castle Hill,7,552,36.64,10.07,56.43
Brooklyn,Flatlands,6,551,42.32,11.73,70.62
Brooklyn,Stuyvesant Heights,14,550,29.3,6.41,48.68
Brooklyn,Park Slope,16,549,27.64,5.76,44.6
Bronx,Mott Haven/Port Morris,8,548,31.97,7.29,44.06
Manhattan,Manhattanville,8,547,21.15,4.32,23.1
Brooklyn,Flatlands,13,547,30.08,6.72,45.25
Manhattan,Battery Park,15,546,26.72,4.62,24.19
Manhattan,World Trade Center,1,545,21.33,4.26,15.64
Bronx,Co-Op City,7,545,43.95,12.93,70.23
Brooklyn,Boerum Hill,11,544,28.16,6.02,38.97
Manhattan,Manhattanville,13,543,20.99,4.19,22.92
Queens,Hammels/Arverne,7,542,48.32,14.86,78.63
Brooklyn,Crown Heights South,8,541,27.04,5.7,45.26
Brooklyn,East Flatbush/Remsen Village,7,540,33.97,8.34,61.58
Manhattan,Clinton West,4,540,19.33,3.81,12.67
Brooklyn,Boerum Hill,13,540,28.3,5.95,40.93
Brooklyn,DUMBO/Vinegar Hill,14,539,26.33,4.83,23.96
Queens,Astoria,15,539,23.26,4.15,27.85
Bronx,Mott Haven/Port Morris,7,539,31.26,7.28,43.19
Manhattan,Financial District North,3,539,23.07,4.9,14.91
Queens,Long Island City/Hunters Point,12,538,51.75,7.17,27.22
Queens,Astoria,12,537,24.16,4.48,27.76
Brooklyn,Park Slope,13,536,26.95,5.49,38.77
Brooklyn,East Flatbush/Remsen Village,12,535,29.47,6.39,43.85
Brooklyn,Bay Ridge,11,535,37.28,9.9,51.5
Brooklyn,East New York/Pennsylvania Avenue,9,534,32.06,7.39,43.97
Brooklyn,Williamsburg (North Side),2,534,21.53,3.85,15.28
Brooklyn,DUMBO/Vinegar Hill,15,533,27.0,4.92,25.12
Bronx,East Concourse/Concourse Village,10,532,31.36,7.45,46.23
Brooklyn,DUMBO/Vinegar Hill,16,531,27.49,4.86,26.06
Manhattan,Stuy Town/Peter Cooper Village,0,530,14.8,2.47,12.37
Bronx,Mott Haven/Port Morris,9,529,30.07,6.96,38.79
Brooklyn,Park Slope,12,528,28.2,5.92,40.49
Manhattan,Alphabet City,8,528,22.85,4.6,25.72
Manhattan,Battery Park,13,527,23.88,4.11,21.02
Brooklyn,Coney Island,6,525,48.07,13.93,65.65
Brooklyn,Flatbush/Ditmas Park,15,524,30.16,6.53,48.75
Brooklyn,East Flatbush/Remsen Village,13,524,29.06,6.09,44.65
Manhattan,East Harlem North,5,524,23.23,4.95,20.21
Manhattan,East Harlem South,1,524,12.92,2.28,9.03
Manhattan,Alphabet City,12,523,19.79,3.51,23.24
Brooklyn,Park Slope,14,523,27.88,5.8,41.74
Brooklyn,East Flatbush/Farragut,12,521,29.42,6.52,43.3
Brooklyn,DUMBO/Vinegar Hill,17,521,26.74,4.84,25.98
Manhattan,Alphabet City,11,521,21.68,4.3,25.08
Brooklyn,Fort Greene,21,520,22.96,4.79,21.22
Manhattan,Greenwich Village South,6,520,16.79,3.14,11.44
Bronx,University Heights/Morris Heights,9,520,34.43,8.57,47.83
Brooklyn,DUMBO/Vinegar Hill,18,519,24.38,4.49,23.51
Brooklyn,Fort Greene,9,518,25.95,4.89,33.04
Brooklyn,Fort Greene,19,518,23.54,4.94,26.93
Manhattan,Battery Park,16,516,27.08,4.73,23.89
Brooklyn,Fort Greene,8,516,25.83,5.12,34.79
Bronx,Soundview/Castle Hill,10,516,35.67,9.11,47.05
Brooklyn,Bushwick South,9,514,29.4,6.39,42.67
Bronx,Co-Op City,9,513,43.74,12.54,58.74
Brooklyn,Stuyvesant Heights,6,511,35.13,9.5,53.76
Manhattan,Manhattanville,12,511,20.87,4.18,21.4
Manhattan,Upper East Side North,4,510,24.1,5.54,13.51
Brooklyn,Crown Heights North,18,510,32.14,7.93,47.95
Bronx,Parkchester,8,509,36.06,10.14,56.86
Brooklyn,Bay Ridge,12,508,36.38,9.37,47.63
Manhattan,Clinton West,3,507,16.33,3.13,11.39
Manhattan,East Harlem North,0,506,15.36,2.73,10.23
Manhattan,Manhattanville,10,505,21.0,4.03,22.32
Brooklyn,Flatlands,14,504,29.94,6.53,46.65
Bronx,Co-Op City,10,504,43.45,12.42,58.18
Brooklyn,Williamsburg (North Side),22,503,19.61,3.44,16.4
Manhattan,Two Bridges/Seward Park,2,502,17.79,3.22,13.85
Brooklyn,Brooklyn Heights,10,502,27.91,5.77,34.01
Queens,Forest Hills,9,502,35.47,8.84,51.17
Brooklyn,Ocean Hill,11,501,32.88,7.4,46.15
Brooklyn,Bedford,11,501,28.19,6.09,44.87
Brooklyn,DUMBO/Vinegar Hill,13,501,25.52,4.64,22.49
Queens,LaGuardia Airport,6,501,43.91,9.72,26.24
Brooklyn,Park Slope,15,500,27.55,5.76,43.06
Queens,South Ozone Park,16,499,64.32,7.63,33.42
Queens,Long Island City/Hunters Point,11,498,50.67,6.95,27.13
Queens,Sunnyside,19,498,41.83,6.29,27.29
Brooklyn,Bedford,14,498,29.19,6.64,48.83
Brooklyn,Clinton Hill,8,497,28.32,6.48,45.17
Queens,Saint Albans,6,497,48.44,14.63,76.04
Brooklyn,Bushwick South,10,497,28.9,6.27,43.29
Brooklyn,Ocean Hill,12,496,33.95,8.12,46.43
Brooklyn,Starrett City,12,493,33.54,7.98,44.87
Brooklyn,Starrett City,8,493,35.99,9.08,55.96
Manhattan,Morningside Heights,1,493,13.45,2.26,10.11
Brooklyn,Park Slope,17,492,26.15,5.44,39.32
Bronx,Morrisania/Melrose,6,492,37.76,10.41,54.02
Manhattan,Battery Park,14,492,24.89,4.31,21.9
Brooklyn,Clinton Hill,12,491,28.74,6.48,41.88
Manhattan,Greenwich Village North,5,490,20.25,4.24,12.96
Manhattan,UN/Turtle Bay South,3,488,22.43,4.71,11.88
Queens,South Ozone Park,13,485,57.45,7.82,32.34
Brooklyn,Clinton Hill,9,485,28.51,6.16,42.84
Queens,Astoria,10,485,24.3,4.41,26.73
Manhattan,Washington Heights South,19,484,25.29,5.39,23.72
Queens,Springfield Gardens North,6,483,44.45,12.85,69.92
Queens,Astoria,11,483,24.81,4.53,26.78
Queens,Forest Hills,7,483,39.73,9.61,52.52
Manhattan,Meatpacking/West Village West,6,483,25.69,6.16,17.42
Brooklyn,Downtown Brooklyn/MetroTech,19,483,23.12,4.48,22.18
Brooklyn,Starrett City,11,482,35.68,8.39,48.19
Queens,Far Rockaway,9,482,52.24,16.54,77.48
Manhattan,Manhattanville,11,482,20.46,3.94,21.72
Brooklyn,East Flatbush/Farragut,11,482,30.53,6.81,45.04
Manhattan,Financial District South,7,481,24.51,5.15,18.82
Brooklyn,Downtown Brooklyn/MetroTech,10,481,29.37,5.95,28.34
Bronx,Parkchester,6,480,39.12,11.05,57.72
Brooklyn,Bay Ridge,13,480,36.46,9.08,45.73
Brooklyn,Boerum Hill,18,479,21.2,3.96,24.79
Bronx,Williamsbridge/Olinville,8,478,43.06,12.71,64.65
Queens,Hammels/Arverne,8,478,49.7,15.21,74.32
Bronx,Woodlawn/Wakefield,6,476,45.04,13.41,62.68
Queens,Long Island City/Queens Plaza,15,476,26.09,4.36,29.33
Manhattan,Yorkville East,1,474,14.31,2.49,9.75
Queens,Long Island City/Hunters Point,18,474,43.17,6.0,27.99
Brooklyn,Clinton Hill,10,474,28.68,6.61,42.39
Manhattan,Bloomingdale,0,472,13.56,2.27,10.54
Manhattan,Seaport,8,472,24.05,4.65,19.9
Queens,Long Island City/Queens Plaza,16,471,24.71,4.04,26.92
Queens,Long Island City/Queens Plaza,17,471,25.27,4.23,26.52
Queens,South Ozone Park,15,469,69.08,6.34,26.5
Brooklyn,Midwood,13,469,28.05,5.86,40.6
Queens,Jackson Heights,11,467,44.46,5.72,30.64
Brooklyn,Bedford,12,466,27.99,5.99,43.64
Bronx,Parkchester,7,466,38.15,10.63,60.93
Manhattan,Hudson Sq,6,465,21.06,4.36,13.51
Brooklyn,Crown Heights South,12,465,28.33,6.12,44.38
Brooklyn,East New York/Pennsylvania Avenue,8,465,34.41,8.51,52.29
Manhattan,Alphabet City,13,464,21.05,3.84,23.72
Queens,Jackson Heights,8,463,38.35,5.56,35.56
Queens,Jackson Heights,12,462,43.73,5.26,26.31
Brooklyn,East Flatbush/Farragut,6,461,37.04,9.65,59.19
Queens,Long Island City/Hunters Point,8,461,49.29,7.17,30.12
Brooklyn,East New York/Pennsylvania Avenue,10,460,34.37,8.16,46.3
Brooklyn,Stuyvesant Heights,16,459,32.12,7.5,56.26
Brooklyn,Bushwick South,14,458,29.21,6.52,49.4
Brooklyn,Brooklyn Heights,9,458,28.18,5.79,31.33
Queens,Far Rockaway,10,458,52.35,16.33,75.24
Queens,Long Island City/Queens Plaza,10,457,19.59,2.81,15.88
Queens,Jamaica,17,456,42.73,10.51,53.48
Bronx,East Tremont,7,456,36.81,10.25,57.33
Brooklyn,Sheepshead Bay,11,456,38.8,9.03,51.33
Brooklyn,Downtown Brooklyn/MetroTech,9,456,26.86,5.46,26.93
Manhattan,Financial District North,6,456,31.48,7.55,23.19
Queens,Long Island City/Hunters Point,10,455,49.41,7.37,28.11
Manhattan,Washington Heights North,13,452,27.01,5.92,29.58
Brooklyn,Midwood,12,452,30.46,6.67,45.44
Queens,Jamaica,15,452,41.39,10.09,55.44
Brooklyn,Boerum Hill,10,451,27.94,6.03,37.08
Manhattan,Washington Heights North,9,451,33.45,8.25,40.87
Brooklyn,Park Slope,10,450,27.27,5.52,39.07
Brooklyn,Stuyvesant Heights,15,450,29.88,6.61,50.49
Queens,Saint Albans,7,450,43.69,13.0,75.21
Manhattan,Manhattan Valley,1,447,15.09,2.67,11.41
Manhattan,Battery Park,12,446,24.68,4.31,21.27
Brooklyn,Ocean Hill,7,445,34.05,8.58,56.33
Brooklyn,Clinton Hill,11,444,29.0,6.52,43.37
Brooklyn,Bushwick South,11,444,28.81,6.12,43.59
Brooklyn,Clinton Hill,17,443,30.54,7.38,51.94
Manhattan,Washington Heights South,20,442,24.97,5.54,22.25
Queens,Long Island City/Queens Plaza,7,442,28.47,3.83,19.22
Manhattan,Hamilton Heights,19,441,21.72,4.6,20.98
Brooklyn,Flatbush/Ditmas Park,17,441,32.53,7.46,52.94
Brooklyn,Bushwick South,8,441,29.47,6.69,46.17
Brooklyn,Prospect-Lefferts Gardens,17,441,29.94,6.93,47.34
Bronx,Williamsbridge/Olinville,7,441,43.51,12.64,68.1
Brooklyn,Bay Ridge,10,441,37.55,9.62,48.99
Manhattan,Washington Heights North,12,440,29.47,6.57,33.44
Brooklyn,East Flatbush/Remsen Village,14,439,30.15,6.79,46.18
Brooklyn,Sheepshead Bay,9,439,37.73,8.78,49.99
Bronx,East Tremont,8,439,34.48,8.67,49.49
Brooklyn,Park Slope,9,438,28.03,5.57,37.51
Queens,Baisley Park,15,437,70.14,13.31,55.04
Brooklyn,Bushwick South,12,437,28.84,6.03,42.11
Manhattan,Central Harlem,5,436,28.59,7.03,29.72
Queens,South Ozone Park,14,435,66.57,5.99,25.48
Queens,South Ozone Park,12,435,55.38,8.78,39.41
Brooklyn,Park Slope,22,434,27.29,4.95,22.58
Manhattan,Alphabet City,16,434,20.07,3.68,24.01
Queens,Far Rockaway,8,434,51.19,16.32,79.02
Brooklyn,Ocean Hill,13,433,32.02,7.48,47.6
Brooklyn,Clinton Hill,7,433,30.83,7.22,44.88
Brooklyn,East Flatbush/Remsen Village,6,433,36.4,9.62,58.76
Queens,Hammels/Arverne,6,433,53.61,16.74,81.35
Manhattan,Stuy Town/Peter Cooper Village,1,433,15.55,2.7,12.43
Brooklyn,Crown Heights South,10,431,28.35,6.06,43.46
Queens,Astoria,16,430,24.62,4.54,31.52
Manhattan,Washington Heights North,8,430,30.79,7.17,41.21
Brooklyn,Bushwick South,13,430,29.11,6.35,43.37
Queens,Jamaica,7,430,45.03,12.37,67.24
Queens,Jackson Heights,7,429,38.08,5.63,34.27
Brooklyn,Coney Island,13,428,40.23,10.26,54.68
Queens,Long Island City/Queens Plaza,11,428,23.16,3.65,20.04
Queens,Saint Albans,8,428,44.53,13.44,69.4
Queens,Astoria,7,428,27.19,4.81,28.35
Manhattan,Chinatown,1,428,18.11,3.26,14.88
Brooklyn,Park Slope,21,428,25.04,4.92,23.29
Queens,Jackson Heights,13,426,47.38,5.06,24.66
Brooklyn,Ocean Hill,6,425,38.11,10.57,57.77
Bronx,East Concourse/Concourse Village,13,425,31.3,7.22,44.61
Brooklyn,Boerum Hill,19,424,22.16,4.59,24.61
Bronx,Williamsbridge/Olinville,9,424,43.18,12.32,58.31
Manhattan,Washington Heights North,14,424,27.93,6.57,35.0
Brooklyn,Clinton Hill,16,424,31.06,7.59,55.74
Bronx,East Concourse/Concourse Village,11,423,32.04,7.87,47.53
Brooklyn,Flatbush/Ditmas Park,16,423,32.77,7.89,54.89
Queens,Baisley Park,14,423,62.32,11.8,46.47
Manhattan,Clinton West,5,421,21.16,4.67,16.47
Bronx,West Concourse,7,421,34.61,8.63,50.37
Manhattan,Greenwich Village South,5,420,17.82,3.48,11.86
Brooklyn,East Flatbush/Farragut,13,420,27.87,5.81,40.84
Manhattan,Morningside Heights,5,420,22.96,5.07,17.25
Queens,Long Island City/Hunters Point,9,419,45.83,6.49,27.11
Bronx,Morrisania/Melrose,7,419,32.11,8.1,51.55
Manhattan,Central Harlem North,5,418,29.35,7.12,32.0
Queens,Jamaica,6,418,45.61,12.23,56.62
Manhattan,Manhattanville,19,418,17.29,3.13,16.32
Manhattan,Central Harlem North,22,417,20.09,4.18,18.56
Manhattan,Hamilton Heights,6,417,26.26,6.17,27.96
Queens,Astoria,6,417,27.45,5.19,25.43
Brooklyn,Fort Greene,20,416,21.6,4.25,21.13
Queens,Forest Hills,10,415,35.64,8.74,50.6
Brooklyn,Clinton Hill,13,415,28.27,6.25,42.21
Bronx,Parkchester,9,414,37.41,10.55,56.1
Brooklyn,Midwood,11,414,32.55,7.83,48.8
Brooklyn,Bay Ridge,14,414,36.57,9.42,52.39
Queens,Forest Hills,11,414,35.01,8.66,47.59
Queens,Jamaica,14,413,41.6,10.58,53.31
Queens,Jamaica,12,413,40.81,10.35,50.47
Manhattan,Washington Heights North,10,412,30.94,7.22,37.24
Brooklyn,Sheepshead Bay,10,412,40.86,10.12,54.55
Brooklyn,East Williamsburg,9,412,31.38,6.52,39.21
Queens,Jackson Heights,9,411,41.63,6.29,35.47
Brooklyn,Starrett City,7,411,39.23,10.15,65.26
Brooklyn,Stuyvesant Heights,17,411,32.01,7.39,54.52
Bronx,Soundview/Castle Hill,11,411,34.3,8.82,48.43
Bronx,University Heights/Morris Heights,7,410,36.65,9.59,53.44
Brooklyn,Brownsville,15,410,31.83,7.42,50.71
Brooklyn,Brownsville,16,410,35.44,9.48,58.85
Manhattan,Upper West Side North,3,409,17.7,3.63,10.88
Brooklyn,East New York,18,408,33.2,7.7,44.11
Brooklyn,Coney Island,15,408,46.19,12.68,69.21
Manhattan,Washington Heights North,7,407,33.13,8.33,41.88
Brooklyn,Williamsburg (North Side),21,407,18.6,3.11,16.61
Brooklyn,Crown Heights South,7,407,30.48,7.02,51.74
Queens,Long Island City/Hunters Point,7,406,47.95,7.06,27.02
Bronx,Mott Haven/Port Morris,10,406,30.38,6.78,35.74
Bronx,West Concourse,8,405,30.16,7.04,42.74
Brooklyn,Bay Ridge,9,405,34.44,9.04,48.44
Queens,Baisley Park,8,404,55.27,12.78,59.12
Brooklyn,Clinton Hill,14,404,28.87,6.56,46.75
Queens,South Ozone Park,8,403,52.01,10.52,50.95
Queens,Saint Albans,5,402,49.98,14.6,62.58
Queens,Long Island City/Queens Plaza,14,402,26.29,4.04,26.86
Queens,Jackson Heights,10,402,44.47,5.56,28.73
Brooklyn,East Flatbush/Farragut,14,402,28.29,5.71,43.41
Brooklyn,Starrett City,13,401,34.35,8.12,48.94
Manhattan,Little Italy/NoLiTa,5,400,19.82,3.74,12.82
Manhattan,Chinatown,8,400,20.43,3.58,19.73
Brooklyn,Bay Ridge,15,399,37.92,10.0,57.51
Queens,South Ozone Park,17,398,61.15,6.96,29.55
Queens,Hammels/Arverne,9,398,49.8,15.29,72.43
Brooklyn,Sheepshead Bay,12,397,39.63,9.81,53.11
Brooklyn,DUMBO/Vinegar Hill,12,395,25.52,4.65,22.09
Brooklyn,Bushwick South,15,395,30.15,6.9,50.63
Bronx,Melrose South,9,395,30.2,7.06,42.64
Queens,Long Island City/Queens Plaza,6,394,29.07,4.23,16.75
Queens,Jamaica,13,394,42.02,10.66,52.1
Manhattan,Central Harlem North,23,394,20.18,4.09,18.83
Brooklyn,Park Slope,18,393,22.99,4.31,28.24
Brooklyn,Canarsie,15,392,35.46,8.23,54.71
Bronx,West Concourse,9,391,28.48,6.36,38.64
Manhattan,East Harlem South,4,391,23.7,5.39,18.32
Queens,Far Rockaway,5,390,59.95,19.64,79.55
Bronx,Co-Op City,11,390,43.37,12.02,58.08
Queens,South Ozone Park,5,390,55.46,10.85,42.69
Manhattan,TriBeCa/Civic Center,5,390,25.03,5.43,14.92
Bronx,Mott Haven/Port Morris,16,389,31.92,7.65,49.25
Bronx,Williamsbridge/Olinville,5,389,44.7,13.89,54.99
Queens,Forest Hills,8,387,36.31,8.97,52.21
Brooklyn,Bushwick South,16,387,29.5,6.45,50.27
Queens,Baisley Park,7,387,57.56,12.6,61.07
Manhattan,Washington Heights South,6,386,29.45,7.13,32.16
Bronx,Melrose South,8,386,29.69,6.83,44.88
Bronx,Morrisania/Melrose,8,386,30.15,7.16,47.51
Bronx,Co-Op City,5,386,45.35,13.49,57.46
Bronx,Highbridge,8,386,33.47,8.02,46.12
Brooklyn,Williamsburg (South Side),22,385,21.86,3.69,17.64
Manhattan,Central Park,5,385,26.7,5.87,15.71
Manhattan,Two Bridges/Seward Park,6,384,29.46,6.66,32.65
Queens,Sunnyside,5,383,55.37,7.64,17.5
Brooklyn,East New York/Pennsylvania Avenue,7,382,38.66,10.1,63.63
Brooklyn,Midwood,9,382,29.45,6.56,45.52
Brooklyn,Downtown Brooklyn/MetroTech,8,382,25.3,4.94,23.19
Brooklyn,Bushwick South,7,381,30.76,7.44,46.49
Brooklyn,Bushwick South,17,380,32.95,7.84,53.97
Manhattan,World Trade Center,6,379,33.26,7.62,19.86
Bronx,University Heights/Morris Heights,10,379,35.3,8.67,46.78
Queens,Jackson Heights,14,378,46.79,5.47,26.28
Brooklyn,Marine Park/Mill Basin,12,378,31.31,6.62,38.31
Queens,Springfield Gardens North,8,378,39.17,11.2,59.54
Queens,Jamaica,11,378,41.91,10.7,51.22
Brooklyn,Homecrest,13,377,29.04,6.5,41.76
Bronx,Melrose South,7,377,29.35,7.06,45.49
Manhattan,Hamilton Heights,20,376,22.03,4.69,21.49
Brooklyn,Brownsville,17,376,35.5,8.79,53.68
Queens,South Ozone Park,18,375,64.8,7.18,30.03
Queens,Baisley Park,9,375,52.28,12.44,56.68
Queens,South Jamaica,6,375,50.47,14.01,67.1
Brooklyn,DUMBO/Vinegar Hill,19,375,24.02,4.47,21.07
Brooklyn,East New York,19,373,37.63,9.35,45.45
Brooklyn,Coney Island,14,372,42.17,11.38,62.77
Queens,Long Island City/Hunters Point,19,371,38.73,5.67,23.06
Brooklyn,Homecrest,12,371,32.08,7.25,45.21
Brooklyn,Sheepshead Bay,13,370,36.59,8.78,50.56
Brooklyn,Fort Greene,0,369,21.8,4.29,17.8
Brooklyn,Flatlands,15,369,29.34,6.25,45.02
Queens,Long Island City/Hunters Point,6,368,52.25,7.51,24.3
Queens,Astoria,18,367,24.54,4.52,23.72
Queens,Jackson Heights,15,367,45.81,4.67,26.24
Brooklyn,Midwood,10,367,31.1,7.03,46.24
Brooklyn,Brooklyn Heights,8,366,25.54,4.83,26.25
Brooklyn,Brooklyn Heights,19,366,21.52,4.33,21.24
Manhattan,Washington Heights North,11,366,30.07,7.05,33.28
Manhattan,Lincoln Square West,4,365,24.22,5.35,14.84
Queens,Sunnyside,20,365,39.89,5.67,21.1
Brooklyn,Sunset Park West,14,365,32.17,7.38,50.95
Queens,Forest Hills,12,365,35.7,8.62,46.97
Bronx,East Tremont,9,365,36.0,9.81,51.42
Bronx,Williamsbridge/Olinville,10,364,42.95,12.23,57.26
Brooklyn,Williamsburg (North Side),3,364,21.09,3.88,14.81
Brooklyn,Bay Ridge,7,364,40.81,10.58,58.26
Bronx,Morrisania/Melrose,9,363,32.99,8.12,48.57
Bronx,University Heights/Morris Heights,6,363,37.94,10.14,52.28
Bronx,Van Cortlandt Village,8,363,37.86,9.83,56.67
Queens,Baisley Park,17,363,69.1,12.92,47.53
Brooklyn,Bedford,7,363,29.86,6.46,42.48
Queens,Jackson Heights,6,363,37.77,6.08,32.15
Brooklyn,Borough Park,12,363,29.82,6.55,43.93
Brooklyn,Boerum Hill,20,363,25.17,5.71,27.91
Bronx,Melrose South,16,363,34.94,8.96,60.34
Brooklyn,Bedford,15,362,29.41,6.44,51.31
Bronx,Melrose South,10,362,29.29,6.53,42.33
Bronx,University Heights/Morris Heights,11,361,35.71,9.23,49.87
Bronx,East Concourse/Concourse Village,12,361,31.06,7.14,44.45
Brooklyn,Boerum Hill,9,361,27.77,5.38,34.65
Brooklyn,Flatlands,5,360,43.97,12.24,64.11
Brooklyn,DUMBO/Vinegar Hill,20,359,24.82,4.64,20.83
Queens,Far Rockaway,11,358,52.63,16.72,75.89
Brooklyn,Clinton Hill,15,358,29.22,6.48,49.84
Brooklyn,Midwood,14,357,27.92,5.56,42.01
Brooklyn,Downtown Brooklyn/MetroTech,20,357,24.45,4.88,20.77
Queens,Long Island City/Queens Plaza,13,357,25.54,4.28,21.68
Queens,Long Island City/Queens Plaza,18,356,24.2,4.26,22.41
Brooklyn,East Flatbush/Remsen Village,15,356,29.78,6.63,44.18
Brooklyn,Sheepshead Bay,8,356,41.23,9.81,58.67
Manhattan,Alphabet City,7,356,28.4,6.21,32.72
Queens,South Jamaica,9,356,45.55,11.79,57.02
Bronx,Mott Haven/Port Morris,17,354,32.37,7.88,46.17
Manhattan,East Harlem North,4,354,22.09,4.54,17.83
Manhattan,Battery Park City,5,354,42.07,10.79,21.82
Brooklyn,Park Slope,8,354,30.38,6.35,43.37
Queens,Long Island City/Hunters Point,23,354,28.78,4.19,17.1
Bronx,Highbridge,7,353,33.41,7.88,47.0
Brooklyn,Marine Park/Mill Basin,11,353,33.35,7.43,44.41
Brooklyn,East New York/Pennsylvania Avenue,11,353,35.72,9.0,49.08
Brooklyn,Crown Heights South,13,352,28.04,6.03,44.99
Queens,Baisley Park,10,352,52.35,11.77,49.52
Queens,Baisley Park,12,352,63.15,12.89,48.85
Brooklyn,Williamsburg (North Side),20,352,18.24,3.15,17.43
Manhattan,Manhattanville,6,352,23.89,5.49,23.32
Bronx,Parkchester,10,352,37.48,10.38,55.56
Queens,Long Island City/Queens Plaza,12,351,25.7,3.76,21.22
Brooklyn,Cypress Hills,9,351,31.0,7.22,39.92
Manhattan,Washington Heights North,15,351,26.81,5.89,32.5
Manhattan,Financial District North,4,350,27.12,6.08,15.6
Brooklyn,Fort Greene,7,350,28.34,6.23,38.93
Queens,Saint Albans,9,350,43.74,13.08,60.32
Brooklyn,Crown Heights North,19,349,33.28,8.57,47.25
Queens,Springfield Gardens North,7,348,42.72,12.76,74.96
Brooklyn,Downtown Brooklyn/MetroTech,23,347,22.02,4.01,16.66
Brooklyn,DUMBO/Vinegar Hill,21,347,23.39,4.44,19.13
Manhattan,Central Harlem,1,347,14.21,2.56,11.2
Queens,Hammels/Arverne,10,346,50.48,15.48,74.42
Bronx,University Heights/Morris Heights,5,346,37.59,10.74,45.22
Bronx,Mott Haven/Port Morris,13,346,31.5,7.52,42.6
Queens,Steinway,14,345,46.77,6.67,31.44
Brooklyn,Marine Park/Mill Basin,13,345,30.66,6.22,39.16
Manhattan,Hamilton Heights,22,344,20.05,3.98,17.4
Brooklyn,Ocean Hill,14,344,32.93,7.47,48.64
Brooklyn,Crown Heights North,5,343,34.8,9.13,46.02
Brooklyn,East Flatbush/Farragut,16,343,31.87,7.45,55.42
Brooklyn,Homecrest,11,342,33.18,7.83,48.06
Queens,Forest Hills,6,342,34.56,8.15,45.78
Queens,Long Island City/Hunters Point,21,341,34.38,4.93,18.89
Brooklyn,East New York,4,340,46.48,13.38,50.95
Queens,South Ozone Park,10,340,50.57,9.05,42.23
Queens,Jamaica,8,340,45.08,12.02,58.17
Brooklyn,Bedford,6,339,33.8,8.84,46.29
Queens,Baisley Park,13,338,60.25,12.01,46.85
Queens,Springfield Gardens North,9,337,44.02,12.67,64.93
Queens,Far Rockaway,12,337,50.75,16.23,77.22
Brooklyn,Starrett City,6,337,45.49,11.6,67.44
Queens,Far Rockaway,7,336,53.3,16.54,92.42
Manhattan,Battery Park City,0,336,21.68,4.43,16.55
Brooklyn,Downtown Brooklyn/MetroTech,22,335,24.26,4.66,18.88
Brooklyn,Sunset Park West,15,335,34.68,8.24,52.88
Bronx,Parkchester,5,335,41.88,12.58,54.5
Brooklyn,East New York/Pennsylvania Avenue,6,335,41.76,10.91,64.48
Bronx,Melrose South,12,334,29.84,6.87,44.84
Queens,Saint Albans,15,334,43.71,12.52,69.17
Queens,Jackson Heights,17,333,42.96,5.51,28.35
Brooklyn,Downtown Brooklyn/MetroTech,7,332,25.87,5.34,22.27
Brooklyn,Brooklyn Heights,20,332,21.41,3.93,18.37
Brooklyn,Canarsie,16,332,34.15,7.7,52.65
Queens,Sunnyside,22,330,37.35,5.2,19.14
Brooklyn,East Flatbush/Remsen Village,5,330,40.13,10.87,55.44
Brooklyn,East Williamsburg,10,330,30.42,5.83,37.28
Brooklyn,Marine Park/Mill Basin,10,330,33.71,7.45,46.31
Queens,Astoria,17,329,25.63,4.76,29.39
Queens,South Jamaica,8,329,45.2,11.98,61.87
Bronx,Pelham Parkway,6,329,40.07,10.84,53.92
Brooklyn,Cypress Hills,7,329,36.25,9.14,57.73
Brooklyn,Borough Park,13,328,30.19,6.41,44.28
Brooklyn,Sheepshead Bay,7,328,42.67,10.74,66.71
Manhattan,Upper East Side North,3,328,14.43,2.8,9.24
Brooklyn,Bedford,17,328,29.77,6.77,48.93
Bronx,East Tremont,10,327,36.62,9.86,52.05
Brooklyn,Ocean Hill,17,327,33.6,8.18,52.04
Queens,Forest Hills,13,327,37.04,8.36,45.13
Brooklyn,Williamsburg (South Side),0,326,20.43,3.41,14.76
Queens,South Jamaica,7,326,47.47,12.68,68.39
Manhattan,West Chelsea/Hudson Yards,5,325,21.54,4.27,14.53
Brooklyn,Boerum Hill,21,325,23.65,5.25,22.57
Manhattan,Washington Heights South,22,325,21.62,4.6,17.31
Brooklyn,Bay Ridge,8,325,36.11,9.45,54.03
Queens,Long Island City/Hunters Point,22,324,29.18,4.17,15.91
Brooklyn,Red Hook,10,324,49.11,9.97,39.88
Brooklyn,East Flatbush/Farragut,15,323,30.22,6.68,48.83
Brooklyn,Erasmus,9,323,28.07,6.13,42.51
Queens,Jamaica,9,322,40.75,10.45,53.48
Brooklyn,Bushwick South,6,321,31.74,7.91,46.02
Bronx,Mott Haven/Port Morris,12,321,33.31,8.04,42.76
Queens,Springfield Gardens North,5,320,49.09,14.82,64.82
Brooklyn,Sheepshead Bay,14,319,38.19,9.34,56.85
Queens,Jackson Heights,16,318,46.4,5.42,29.85
Brooklyn,Downtown Brooklyn/MetroTech,21,318,23.46,4.36,18.62
Queens,Long Island City/Queens Plaza,9,318,24.77,3.45,19.35
Manhattan,East Harlem North,1,316,14.71,2.57,9.37
Brooklyn,Park Slope,23,316,28.16,5.17,22.81
Queens,Long Island City/Queens Plaza,8,315,28.68,3.97,20.25
Manhattan,Two Bridges/Seward Park,3,315,18.95,3.49,12.82
Queens,Sunnyside,23,314,33.62,4.76,17.78
Queens,Baisley Park,19,314,71.17,13.66,38.83
Brooklyn,Midwood,8,314,30.67,7.0,50.17
Manhattan,Central Harlem North,0,314,18.31,3.7,15.43
Bronx,Soundview/Castle Hill,13,313,34.35,8.54,49.55
Queens,Baisley Park,5,313,51.45,14.57,54.1
Bronx,Mount Hope,8,313,36.76,9.18,53.17
Queens,Long Island City/Hunters Point,5,312,59.31,9.05,20.96
Queens,South Ozone Park,6,312,54.19,10.82,46.42
Brooklyn,Marine Park/Mill Basin,9,312,35.43,8.36,48.62
Brooklyn,Ocean Hill,16,312,34.98,8.49,56.37
Brooklyn,Boerum Hill,8,312,28.12,5.99,35.45
Brooklyn,Erasmus,7,311,31.28,7.43,53.99
Brooklyn,Cypress Hills,10,311,31.11,6.82,38.56
Brooklyn,Erasmus,8,311,28.59,5.83,45.49
Queens,South Jamaica,10,311,47.14,11.87,53.94
Brooklyn,DUMBO/Vinegar Hill,22,311,24.35,4.77,20.22
Queens,Long Island City/Hunters Point,20,310,34.28,5.1,20.55
Queens,South Ozone Park,7,310,52.18,10.09,53.24
Bronx,Claremont/Bathgate,6,310,40.61,11.22,54.23
Brooklyn,Crown Heights South,14,309,30.9,7.3,51.04
Brooklyn,Crown Heights South,11,309,28.68,6.25,47.33
Queens,Baisley Park,11,308,55.91,12.18,50.26
Queens,Baisley Park,18,308,71.75,13.46,45.12
Bronx,Highbridge,6,308,39.66,10.98,51.41
Brooklyn,Erasmus,10,308,29.43,6.3,43.91
Brooklyn,Boerum Hill,22,308,20.16,3.72,17.76
Brooklyn,Canarsie,17,307,34.96,8.22,51.9
Bronx,Melrose South,11,307,29.61,6.88,44.03
Manhattan,Stuy Town/Peter Cooper Village,2,307,15.73,2.86,11.67
Bronx,Mott Haven/Port Morris,11,306,30.26,7.07,41.02
Queens,Saint Albans,10,306,44.07,12.73,59.94
Brooklyn,Bedford,16,306,29.22,6.59,49.29
Bronx,East Concourse/Concourse Village,17,306,34.41,8.54,54.24
Queens,Old Astoria,10,306,27.2,5.61,31.63
Queens,Sunnyside,4,304,56.64,7.79,15.28
Brooklyn,Borough Park,11,304,31.13,6.97,46.71
Queens,Jamaica,10,303,43.48,10.37,49.43
Queens,Hammels/Arverne,11,303,50.73,15.52,72.84
Queens,Saint Albans,11,303,44.84,12.97,62.63
Queens,Hammels/Arverne,5,303,54.55,17.59,74.5
Bronx,Mott Haven/Port Morris,15,303,31.26,7.09,45.17
Brooklyn,Borough Park,15,303,28.34,6.17,45.76
Manhattan,Washington Heights South,21,303,22.45,4.74,17.14
Bronx,East Concourse/Concourse Village,16,302,34.87,8.8,60.63
Bronx,Co-Op City,12,302,44.51,12.92,61.57
Brooklyn,Starrett City,14,302,33.39,8.13,48.4
Queens,Forest Hills,14,301,37.57,8.45,45.23
Manhattan,Hamilton Heights,23,301,17.28,3.01,13.25
Brooklyn,Brownsville,5,301,38.57,10.51,48.88
Brooklyn,Park Slope,19,301,23.14,4.62,27.11
Brooklyn,Homecrest,14,300,27.23,5.33,40.72
Queens,Old Astoria,8,299,28.28,5.31,34.05
Manhattan,Manhattanville,20,299,17.6,3.25,15.02
Queens,Steinway,13,299,44.28,5.85,26.23
Bronx,Highbridge,9,299,32.29,7.7,44.39
Manhattan,Seaport,3,299,21.04,4.26,13.76
Brooklyn,Borough Park,14,299,27.62,5.6,44.87
Brooklyn,Sunset Park West,13,299,33.32,8.09,47.01
Brooklyn,Borough Park,10,298,32.76,7.37,49.08
Queens,South Ozone Park,9,298,49.47,9.84,44.8
Bronx,Claremont/Bathgate,8,297,36.89,9.61,56.69
Brooklyn,Crown Heights North,20,297,35.75,9.46,45.21
Bronx,Soundview/Castle Hill,5,296,40.21,11.32,44.32
Queens,Sunnyside,21,295,38.79,5.26,17.74
Bronx,Williamsbridge/Olinville,11,295,44.67,12.82,59.33
Queens,Springfield Gardens South,7,294,57.74,13.63,70.86
Manhattan,Financial District South,3,294,21.0,4.28,13.69
Bronx,Morrisania/Melrose,10,294,32.65,8.03,47.91
Queens,Steinway,12,293,45.52,5.91,26.03
Brooklyn,Midwood,15,293,29.4,6.54,46.92
Bronx,East Tremont,6,293,39.1,10.86,51.89
Queens,Woodside,16,292,45.23,5.52,28.61
Manhattan,Hamilton Heights,21,292,20.84,4.19,19.58
Brooklyn,Brooklyn Heights,7,292,26.37,5.29,24.57
Queens,Steinway,15,291,50.93,6.59,32.46
Brooklyn,Coney Island,16,291,45.25,12.62,70.93
Bronx,Melrose South,6,291,33.79,8.69,43.46
Queens,South Ozone Park,11,291,52.34,8.73,40.54
Queens,Far Rockaway,13,291,48.11,14.69,72.77
Bronx,Claremont/Bathgate,7,291,36.86,9.52,56.93
Queens,Corona,8,290,36.54,9.16,53.38
Queens,Baisley Park,20,290,71.75,13.55,33.51
Brooklyn,Stuyvesant Heights,18,290,31.26,7.2,45.23
Manhattan,Inwood,15,289,32.92,8.37,45.32
Brooklyn,Brooklyn Heights,21,288,20.05,3.7,16.51
Queens,Rosedale,5,288,62.48,17.45,66.86
Bronx,University Heights/Morris Heights,12,288,36.14,9.6,48.96
Queens,Far Rockaway,14,287,50.52,15.44,82.57
Brooklyn,Sunset Park West,12,287,33.71,7.64,42.88
Queens,Steinway,16,287,52.05,6.65,29.31
Bronx,Westchester Village/Unionport,7,287,34.54,9.25,53.35
Brooklyn,Crown Heights South,6,287,34.31,8.39,52.86
Brooklyn,Borough Park,9,287,30.94,6.83,46.56
Brooklyn,Ocean Hill,15,286,32.36,7.9,50.76
Queens,Woodside,8,286,30.36,5.33,31.46
Bronx,Mott Haven/Port Morris,14,286,31.21,7.3,45.41
Brooklyn,Williamsburg (South Side),23,286,20.52,3.29,15.52
Brooklyn,Williamsburg (South Side),21,286,20.7,3.3,17.13
Queens,Long Island City/Queens Plaza,19,286,19.62,3.61,17.91
Manhattan,Manhattan Valley,4,285,21.57,4.59,13.27
Queens,Far Rockaway,6,285,58.23,19.72,97.61
Queens,Old Astoria,9,285,25.54,351.49,30.22
Bronx,Van Cortlandt Village,9,285,38.3,10.26,53.56
Brooklyn,East Flatbush/Farragut,5,285,38.19,9.98,53.57
Brooklyn,DUMBO/Vinegar Hill,11,285,24.56,5.41,21.6
Queens,Steinway,9,285,37.79,5.78,30.39
Bronx,Melrose South,17,284,33.46,8.26,53.06
Brooklyn,Flatbush/Ditmas Park,18,283,32.44,7.36,46.08
Manhattan,Yorkville East,2,283,13.4,2.48,8.93
Brooklyn,Prospect-Lefferts Gardens,5,282,34.04,8.55,45.11
Brooklyn,East New York/Pennsylvania Avenue,12,282,35.14,8.53,50.46
Brooklyn,Brownsville,18,282,36.24,9.49,48.65
Manhattan,Lincoln Square West,2,282,14.32,2.64,10.48
Brooklyn,Flatbush/Ditmas Park,5,282,38.68,10.32,55.37
Brooklyn,East New York/Pennsylvania Avenue,13,282,32.95,7.75,46.38
Manhattan,Inwood,9,281,28.99,6.7,36.75
Brooklyn,East Flatbush/Remsen Village,16,281,28.95,5.94,43.25
Bronx,Soundview/Castle Hill,12,281,36.62,9.78,47.03
Brooklyn,Boerum Hill,6,280,27.85,6.85,34.43
Bronx,Melrose South,14,279,28.93,6.38,43.77
Queens,Steinway,8,279,39.11,5.99,33.48
Queens,Woodside,14,278,45.49,5.71,30.05
Brooklyn,Sunset Park West,16,278,35.89,8.73,56.15
Bronx,West Concourse,10,278,29.97,6.89,37.57
Queens,Steinway,11,277,45.79,6.43,27.65
Manhattan,Yorkville East,3,277,17.41,3.59,9.47
Brooklyn,Williamsburg (South Side),1,277,20.61,3.46,15.03
Queens,LaGuardia Airport,5,277,41.09,9.03,20.24
Manhattan,Morningside Heights,2,276,12.81,2.16,9.44
Queens,Long Island City/Hunters Point,0,276,29.07,4.9,17.52
Brooklyn,Brooklyn Heights,22,275,20.94,3.78,15.78
Bronx,Melrose South,15,275,30.47,7.14,49.65
Bronx,Highbridge,10,275,31.61,7.07,39.67
Brooklyn,Williamsburg (South Side),20,275,24.2,3.73,19.08
Manhattan,Hamilton Heights,0,274,15.87,2.81,12.25
Brooklyn,Park Slope,20,274,23.51,4.73,22.21
Brooklyn,East Williamsburg,11,274,30.27,5.78,38.08
Bronx,Bedford Park,10,274,41.79,11.51,57.39
Brooklyn,Cypress Hills,8,273,34.73,8.62,51.51
Queens,Richmond Hill,12,273,44.03,8.4,38.72
Queens,Woodside,15,273,44.09,5.47,29.39
Bronx,Eastchester,8,273,40.63,11.39,56.68
Manhattan,Washington Heights North,17,273,28.01,6.29,35.49
Manhattan,Battery Park,17,272,26.37,4.56,23.14
Bronx,Parkchester,11,272,37.16,10.31,54.8
Brooklyn,Clinton Hill,18,271,29.42,6.88,42.51
Queens,South Jamaica,12,271,48.83,11.81,51.99
Manhattan,Chinatown,7,271,25.74,5.17,27.51
Manhattan,Manhattan Valley,2,271,14.75,2.66,10.12
Queens,South Jamaica,11,271,48.61,11.48,51.52
Brooklyn,Canarsie,18,271,34.64,8.41,46.5
Bronx,Bedford Park,9,270,40.3,11.28,58.13
Manhattan,Stuy Town/Peter Cooper Village,6,270,16.77,3.21,14.03
Queens,South Jamaica,16,270,61.84,12.71,51.49
Queens,Hammels/Arverne,12,270,51.45,15.51,74.25
Brooklyn,Coney Island,17,269,45.79,12.37,66.64
Brooklyn,Marine Park/Mill Basin,14,269,29.58,6.08,41.52
Queens,Forest Hills,15,269,38.54,7.63,44.48
Queens,Woodside,13,268,43.56,5.66,28.55
Bronx,Mott Haven/Port Morris,6,268,32.45,8.35,38.74
Bronx,Williamsbridge/Olinville,13,268,41.47,12.01,62.22
Brooklyn,Marine Park/Mill Basin,15,267,31.02,6.73,45.88
Queens,Steinway,10,267,43.12,5.73,27.55
Queens,Queensbridge/Ravenswood,7,267,27.26,5.19,33.41
Brooklyn,Williamsburg (North Side),19,266,18.34,3.06,17.94
Brooklyn,Bensonhurst West,12,266,33.44,7.99,45.97
Bronx,Melrose South,13,266,29.79,6.74,43.31
Manhattan,Inwood,8,266,30.1,7.18,39.35
Brooklyn,Homecrest,10,266,35.25,8.32,51.22
Brooklyn,Erasmus,13,266,28.19,5.92,44.43
Brooklyn,East New York/Pennsylvania Avenue,14,265,32.44,7.94,49.58
Brooklyn,Brighton Beach,12,264,39.25,10.01,50.77
Queens,Steinway,17,264,48.83,7.23,29.96
Queens,Springfield Gardens North,10,264,42.98,12.05,61.92
Bronx,Eastchester,7,264,45.95,13.9,70.51
Queens,Long Island City/Hunters Point,4,262,58.72,8.94,17.07
Bronx,Soundview/Bruckner,8,262,36.14,10.16,54.58
Bronx,Highbridge,11,262,33.9,8.26,42.81
Queens,East Elmhurst,2,262,39.78,9.13,18.43
Bronx,Bedford Park,5,262,44.2,12.89,55.69
Brooklyn,Flatlands,16,262,32.71,7.51,51.67
Manhattan,Chinatown,2,261,16.58,2.87,12.4
Manhattan,Manhattanville,21,261,17.33,3.22,14.19
Bronx,Bedford Park,8,261,39.81,10.53,58.45
Brooklyn,Cypress Hills,11,261,31.68,7.2,39.75
Manhattan,East Harlem South,2,261,16.6,3.3,10.76
Bronx,Spuyten Duyvil/Kingsbridge,7,261,37.61,9.58,48.12
Bronx,East Tremont,11,260,35.46,9.04,48.77
Brooklyn,Bensonhurst West,9,260,32.43,7.43,43.02
Manhattan,Washington Heights South,23,260,24.07,4.96,16.19
Brooklyn,Brighton Beach,10,259,40.8,10.74,52.66
Brooklyn,Gravesend,9,259,37.46,9.16,50.92
Manhattan,World Trade Center,2,259,20.26,4.05,14.08
Queens,Flushing Meadows-Corona Park,16,259,69.63,8.92,35.09
Queens,Jackson Heights,18,259,39.81,5.8,26.76
Queens,Springfield Gardens South,8,258,52.38,13.26,59.85
Bronx,Norwood,11,258,42.01,11.68,56.32
Queens,Maspeth,4,258,46.44,5.68,16.94
Queens,Richmond Hill,6,258,49.87,11.4,55.0
Bronx,Mount Hope,9,258,34.99,9.12,50.21
Manhattan,Inwood,14,257,35.0,9.31,49.56
Bronx,Van Cortlandt Village,7,257,40.45,10.7,60.46
Brooklyn,Gravesend,8,257,35.95,8.53,51.89
Bronx,Highbridge,12,257,32.69,7.62,41.32
Manhattan,Two Bridges/Seward Park,4,257,22.36,4.62,16.91
Bronx,Van Nest/Morris Park,15,257,37.77,9.99,57.69
Queens,Laurelton,6,256,54.54,15.93,84.47
Bronx,Crotona Park East,6,256,44.27,12.75,59.28
Bronx,East Concourse/Concourse Village,15,256,32.3,7.54,52.21
Queens,Jamaica,18,256,46.72,9.96,42.58
Brooklyn,Erasmus,12,256,30.15,6.69,45.45
Manhattan,Manhattanville,22,256,20.03,4.06,15.46
Brooklyn,Williamsburg (North Side),18,255,18.58,2.93,18.87
Brooklyn,Cypress Hills,6,255,40.55,10.15,56.21
Queens,LaGuardia Airport,4,255,43.57,10.02,19.4
Bronx,East Concourse/Concourse Village,14,254,32.11,7.56,49.33
Queens,Elmhurst,15,254,33.82,6.5,43.07
Queens,Woodside,9,254,33.54,5.56,32.01
Bronx,Morrisania/Melrose,11,253,33.29,8.39,51.54
Brooklyn,East Williamsburg,8,253,30.46,6.39,41.68
Queens,Richmond Hill,13,253,49.84,8.07,39.06
Bronx,Norwood,14,253,41.51,11.35,64.74
Queens,Old Astoria,14,253,25.81,5.2,34.33
Bronx,Co-Op City,13,252,43.43,12.16,61.72
Brooklyn,Homecrest,15,252,27.65,5.74,40.59
Queens,Richmond Hill,11,252,44.23,8.62,41.41
Brooklyn,Prospect-Lefferts Gardens,18,252,30.86,7.1,42.91
Brooklyn,Brighton Beach,15,251,39.06,10.21,56.82
Bronx,West Concourse,11,251,31.01,7.21,40.03
Queens,Richmond Hill,8,251,43.24,9.89,53.25
Bronx,Bedford Park,7,251,39.03,10.53,57.23
Queens,Corona,7,250,36.84,8.85,53.59
Bronx,West Concourse,12,250,29.4,6.47,37.59
Bronx,East Tremont,13,250,35.89,9.28,52.11
Brooklyn,Brighton Beach,11,250,40.5,10.72,52.99
Brooklyn,Bay Ridge,16,250,37.53,9.0,53.62
Brooklyn,East New York,20,250,42.73,11.92,47.48
Queens,Queens Village,6,250,49.54,14.77,73.24
Queens,Old Astoria,13,249,27.2,5.33,33.07
Queens,Flushing,15,249,37.94,9.58,54.17
Bronx,Claremont/Bathgate,9,248,33.11,8.5,46.13
Queens,Far Rockaway,15,248,51.68,16.19,86.3
Bronx,Morrisania/Melrose,13,248,32.75,8.02,50.65
Brooklyn,Sheepshead Bay,6,248,44.34,11.63,63.9
Queens,Old Astoria,15,248,26.85,5.38,35.13
Brooklyn,Fort Greene,6,248,36.59,9.26,42.24
Queens,Elmhurst,12,247,33.57,6.96,39.0
Queens,Queensbridge/Ravenswood,14,247,30.36,5.91,38.09
Bronx,Bedford Park,11,246,39.66,10.47,55.06
Bronx,Woodlawn/Wakefield,8,246,43.34,12.76,62.6
Bronx,Co-Op City,4,246,50.06,15.15,54.1
Bronx,Schuylerville/Edgewater Park,6,246,38.52,11.01,50.02
Queens,Forest Hills,16,246,41.01,8.32,48.94
Queens,Richmond Hill,14,246,53.31,6.94,33.9
Queens,Elmhurst,13,245,34.1,7.27,41.04
Bronx,Woodlawn/Wakefield,7,245,48.69,14.93,73.0
Queens,Kew Gardens,16,245,62.25,7.06,31.17
Bronx,Williamsbridge/Olinville,12,245,42.87,11.96,57.5
Bronx,Van Nest/Morris Park,11,245,35.93,9.21,47.49
Manhattan,SoHo,6,245,22.57,4.55,14.34
Bronx,Mount Hope,7,245,35.82,9.53,55.74
Bronx,West Concourse,16,245,30.93,7.22,46.33
Manhattan,Washington Heights North,16,244,28.62,6.12,35.45
Queens,Old Astoria,7,244,29.79,6.21,34.32
Brooklyn,Boerum Hill,23,244,22.49,3.97,17.77
Brooklyn,Flatlands,17,244,37.76,9.63,57.29
Manhattan,Battery Park,11,244,24.22,4.16,20.26
Queens,Woodside,7,243,25.98,4.34,24.47
Queens,Woodhaven,6,243,38.97,10.78,55.36
Queens,Flushing,12,243,37.6,10.12,51.83
Manhattan,Bloomingdale,1,243,14.34,2.47,11.1
Brooklyn,East Williamsburg,7,243,30.6,6.55,39.85
Queens,Kew Gardens,15,243,59.37,7.29,31.87
Brooklyn,Cobble Hill,8,243,23.28,4.28,22.78
Bronx,Van Cortlandt Village,10,243,38.7,10.2,51.81
Bronx,Mount Hope,15,243,36.93,9.85,61.12
Queens,Hammels/Arverne,17,242,48.31,14.14,71.28
Brooklyn,Marine Park/Mill Basin,7,242,41.04,10.44,67.94
Brooklyn,Marine Park/Mill Basin,8,241,36.41,8.91,55.29
Brooklyn,Gravesend,10,241,39.68,9.83,54.93
Queens,Elmhurst,16,241,38.48,6.91,42.7
Brooklyn,Boerum Hill,7,241,28.03,6.02,35.2
Queens,Elmhurst,14,240,33.82,7.11,46.12
Brooklyn,Erasmus,6,240,35.81,9.45,56.67
Brooklyn,Williamsburg (South Side),16,240,29.91,4.65,31.57
Manhattan,Central Harlem North,4,240,26.16,5.98,21.83
Queens,Jamaica,19,240,44.57,9.92,38.67
Queens,Kew Gardens,12,240,50.27,7.93,38.18
Queens,Rosedale,6,240,54.22,16.41,84.17
Bronx,Bedford Park,6,240,41.61,11.62,55.1
Queens,Sunnyside,0,239,33.79,4.88,15.63
Brooklyn,Bay Ridge,6,239,38.95,10.01,50.69
Brooklyn,Erasmus,14,239,31.18,7.21,51.86
Bronx,University Heights/Morris Heights,13,239,34.91,8.59,50.28
Queens,Briarwood/Jamaica Hills,6,239,43.97,11.5,56.35
Brooklyn,Park Slope,0,239,24.94,4.49,18.61
Queens,Woodside,10,239,34.08,4.95,24.98
Queens,Woodside,11,238,37.73,5.02,26.59
Manhattan,Financial District North,5,238,34.21,8.41,18.91
Brooklyn,Bensonhurst West,7,238,37.45,9.98,62.6
Bronx,Woodlawn/Wakefield,10,238,44.57,12.8,58.23
Manhattan,World Trade Center,4,238,33.02,7.58,17.13
Bronx,Bedford Park,14,238,41.78,11.89,66.19
Manhattan,Lincoln Square West,3,237,20.5,3.84,12.94
Queens,Steinway,18,237,43.74,6.11,22.88
Queens,South Jamaica,13,236,47.26,11.07,49.0
Queens,Astoria,19,235,21.26,3.88,19.97
Queens,Astoria,20,235,20.37,4.23,20.96
Brooklyn,Homecrest,9,235,31.97,7.65,47.46
Bronx,Mount Hope,14,235,33.53,8.77,54.21
Queens,Queensbridge/Ravenswood,10,235,25.3,4.54,29.68
Brooklyn,Sunset Park West,9,234,34.38,8.09,45.8
Manhattan,Hamilton Heights,5,234,29.88,6.99,25.95
Brooklyn,Stuyvesant Heights,5,234,31.66,8.02,41.45
Brooklyn,Borough Park,8,234,30.87,7.29,54.74
Queens,South Ozone Park,19,234,60.02,8.26,30.32
Brooklyn,Erasmus,11,234,31.83,7.39,51.17
Brooklyn,East Williamsburg,14,234,31.69,5.33,36.93
Bronx,West Concourse,6,233,35.48,8.96,47.68
Bronx,Mount Hope,11,233,35.15,9.23,49.59
Brooklyn,Cypress Hills,12,233,31.02,6.49,40.06
Bronx,Bronxdale,6,233,41.08,11.71,56.05
Bronx,Norwood,6,233,45.5,13.56,60.56
Bronx,Eastchester,6,232,44.56,13.15,63.55
Manhattan,Central Harlem,4,232,27.96,6.87,26.19
Queens,Old Astoria,6,232,28.15,6.37,36.76
Queens,Long Island City/Queens Plaza,22,232,16.58,2.83,12.6
Bronx,Kingsbridge Heights,8,232,34.41,8.85,53.43
Brooklyn,Downtown Brooklyn/MetroTech,0,231,20.83,3.61,14.71
Manhattan,Washington Heights South,0,231,17.69,3.25,12.33
Manhattan,Roosevelt Island,7,231,30.94,5.98,40.03
Bronx,Van Nest/Morris Park,12,231,35.73,9.5,48.25
Brooklyn,East New York/Pennsylvania Avenue,15,231,34.03,8.45,52.78
Bronx,Parkchester,12,231,36.56,10.15,53.06
Manhattan,Bloomingdale,5,231,24.98,5.73,18.44
Queens,Hillcrest/Pomonok,7,230,39.1,11.08,56.42
Bronx,Kingsbridge Heights,9,230,36.52,9.78,51.66
Queens,Laurelton,7,229,46.54,13.83,78.18
Queens,Elmhurst,8,229,34.38,7.56,42.72
Brooklyn,Cobble Hill,7,229,25.22,5.32,23.03
Brooklyn,Brighton Beach,14,229,35.59,8.64,52.27
Bronx,East Tremont,15,229,35.96,9.63,60.52
Brooklyn,Bensonhurst West,11,229,33.21,7.77,45.4
Queens,Old Astoria,12,228,27.73,5.04,30.68
Brooklyn,Bensonhurst West,14,228,35.78,9.05,52.69
Bronx,Soundview/Castle Hill,15,228,37.44,10.17,55.68
Brooklyn,Williamsburg (South Side),2,228,20.32,3.29,13.48
Queens,Richmond Hill,10,228,39.66,7.97,43.65
Manhattan,World Trade Center,5,227,37.44,8.91,20.32
Manhattan,Meatpacking/West Village West,5,226,36.63,8.86,21.28
Bronx,Van Cortlandt Village,6,226,42.62,12.44,60.07
Bronx,Spuyten Duyvil/Kingsbridge,9,226,35.74,9.61,48.09
Bronx,West Concourse,17,226,29.32,6.62,41.13
Brooklyn,Bensonhurst East,13,226,33.72,7.94,46.62
Brooklyn,Bensonhurst West,10,226,31.33,7.15,41.97
Bronx,Highbridge,13,226,30.96,7.18,39.83
Brooklyn,East Williamsburg,15,225,34.2,6.23,41.18
Queens,Queens Village,9,225,46.48,14.01,61.99
Manhattan,Inwood,10,225,29.17,6.82,34.93
Queens,Springfield Gardens North,12,225,42.4,12.2,60.48
Manhattan,Morningside Heights,4,225,23.54,5.68,19.1
Bronx,Kingsbridge Heights,10,225,34.42,8.73,47.43
Brooklyn,Bensonhurst West,8,225,34.4,8.67,54.73
Bronx,Norwood,12,225,41.28,11.2,53.1
Bronx,Norwood,9,225,39.49,10.81,50.23
Bronx,Kingsbridge Heights,7,225,37.93,10.11,62.26
Brooklyn,Coney Island,5,224,50.6,15.17,62.8
Queens,Springfield Gardens South,16,224,71.86,14.46,54.72
Brooklyn,Sunset Park West,11,224,34.09,8.01,48.17
Brooklyn,Brighton Beach,16,223,42.91,11.7,67.74
Brooklyn,East Flatbush/Remsen Village,18,223,30.88,7.04,40.58
Brooklyn,Sunset Park West,8,223,36.15,8.72,50.91
Queens,Saint Albans,16,223,43.7,12.53,73.96
Brooklyn,Bensonhurst East,9,223,33.57,9.1,48.23
Brooklyn,Bensonhurst West,13,223,33.6,7.74,45.24
Manhattan,Stuy Town/Peter Cooper Village,3,223,17.0,3.2,12.03
Bronx,Parkchester,13,223,35.9,9.86,55.2
Brooklyn,Williamsburg (South Side),19,223,23.93,3.65,21.47
Bronx,Woodlawn/Wakefield,9,222,43.62,13.35,57.79
Queens,Springfield Gardens South,9,221,49.15,12.74,53.08
Queens,Elmhurst,7,221,36.3,7.49,44.72
Brooklyn,East Williamsburg,1,221,23.71,4.18,16.56
Queens,Flushing,13,221,35.89,9.2,46.95
Brooklyn,Flatlands,18,221,37.62,9.54,52.73
Queens,Queensbridge/Ravenswood,8,220,29.9,6.02,35.8
Bronx,Parkchester,4,220,38.52,11.61,44.91
Queens,Springfield Gardens South,6,220,62.65,15.31,72.23
Manhattan,Central Park,2,220,15.52,2.63,10.23
Brooklyn,DUMBO/Vinegar Hill,8,220,27.36,5.74,27.97
Bronx,Hunts Point,9,220,35.26,9.14,48.83
Queens,Woodside,17,219,46.55,5.74,27.91
Queens,Elmhurst,9,219,33.5,7.06,42.47
Manhattan,Inwood,11,219,28.69,6.32,32.19
Queens,Maspeth,3,218,40.88,5.38,17.31
Queens,Old Astoria,11,218,27.86,5.54,33.75
Queens,Astoria,23,218,19.53,3.92,15.24
Bronx,Mount Hope,10,218,36.43,9.46,50.04
Brooklyn,East Williamsburg,13,218,35.06,6.35,37.73
Brooklyn,Williamsburg (North Side),17,218,22.62,3.77,27.16
Queens,Jamaica,5,218,45.05,12.73,52.41
Brooklyn,East Flatbush/Farragut,17,217,32.57,7.93,52.18
Queens,Richmond Hill,5,217,46.22,10.88,45.87
Brooklyn,East Flatbush/Remsen Village,17,217,27.61,5.5,40.9
Brooklyn,Gravesend,7,217,38.91,10.14,61.44
Bronx,University Heights/Morris Heights,14,217,32.71,7.94,46.25
Queens,Laurelton,8,217,47.14,14.48,70.6
Bronx,Norwood,15,216,44.26,12.93,67.8
Queens,Astoria,0,216,17.51,3.43,12.49
Bronx,Norwood,10,216,42.12,11.73,55.21
Queens,Queens Village,8,216,46.18,13.54,65.07
Manhattan,SoHo,5,215,21.01,4.34,12.87
Bronx,Spuyten Duyvil/Kingsbridge,8,215,36.01,9.28,49.45
Queens,Forest Hills,17,215,36.51,7.72,43.92
Bronx,Claremont/Bathgate,10,215,35.38,9.11,51.12
Bronx,West Concourse,15,215,29.44,6.54,40.7
Manhattan,Central Harlem,2,215,15.43,2.92,10.57
Brooklyn,East Williamsburg,16,215,39.89,7.31,43.93
Brooklyn,Homecrest,16,214,31.45,7.23,50.67
Manhattan,Morningside Heights,3,214,15.88,2.94,10.34
Bronx,Westchester Village/Unionport,6,214,35.5,9.73,51.33
Brooklyn,Midwood,7,214,33.19,7.91,57.74
Brooklyn,East New York,21,213,46.55,13.09,48.92
Brooklyn,Prospect Heights,9,213,26.86,5.9,41.61
Queens,Elmhurst,11,213,34.55,7.11,41.44
Queens,Flushing,10,213,37.84,9.83,53.27
Bronx,Mount Hope,12,213,34.81,8.64,46.33
Brooklyn,East Williamsburg,12,212,32.52,6.02,36.4
Brooklyn,Bedford,18,212,29.13,6.53,42.42
Brooklyn,Sunset Park West,10,212,33.71,7.51,41.88
Queens,Rego Park,8,211,36.46,8.68,52.46
Queens,Sunnyside,1,211,29.95,4.24,14.9
Queens,Cambria Heights,6,211,56.11,15.6,86.12
Queens,Flushing,8,211,40.36,10.69,63.76
Brooklyn,East Williamsburg,0,211,23.82,4.03,16.22
Queens,Richmond Hill,7,210,48.81,9.89,57.47
Bronx,Mott Haven/Port Morris,18,210,29.85,7.1,39.94
Queens,Baisley Park,22,210,72.17,13.52,28.75
Queens,Hammels/Arverne,14,210,47.03,13.93,73.29
Queens,Corona,9,210,36.02,8.73,49.6
Bronx,Morrisania/Melrose,12,210,33.59,8.56,51.81
Queens,Woodside,12,210,38.92,5.11,25.67
Queens,Astoria,21,210,21.57,4.29,17.76
Brooklyn,Bensonhurst East,7,210,36.34,9.04,59.27
Manhattan,Roosevelt Island,8,209,31.46,5.77,39.98
Bronx,Bronxdale,7,209,41.22,11.48,67.23
Bronx,Mount Hope,13,209,33.03,8.33,47.37
Brooklyn,Crown Heights North,21,209,36.65,9.81,42.42
Queens,Woodside,6,209,29.58,6.05,28.77
Queens,Steinway,7,208,38.3,5.47,29.88
Queens,Howard Beach,6,208,47.29,11.58,65.41
Bronx,Spuyten Duyvil/Kingsbridge,10,208,36.94,10.08,45.8
Brooklyn,Bensonhurst East,12,208,35.54,8.59,49.93
Brooklyn,East Williamsburg,23,208,24.67,3.96,17.02
Brooklyn,Cypress Hills,13,208,30.26,6.47,39.67
Bronx,University Heights/Morris Heights,15,208,30.68,7.15,42.4
Queens,Saint Albans,12,208,43.11,12.59,64.0
Bronx,Parkchester,14,207,37.08,10.4,63.86
Queens,Maspeth,5,207,42.99,5.34,17.47
Manhattan,East Harlem South,3,207,16.35,3.23,10.27
Queens,Astoria,5,207,27.58,5.61,24.41
Brooklyn,Sheepshead Bay,15,207,39.08,9.79,56.24
Bronx,West Concourse,14,207,30.81,6.79,43.24
Manhattan,Inwood,12,207,27.65,6.24,29.93
Brooklyn,Coney Island,18,207,45.16,12.46,58.36
Bronx,Morrisania/Melrose,14,207,34.13,8.66,57.01
Queens,Springfield Gardens North,13,207,38.09,10.14,50.67
Bronx,Eastchester,10,206,43.18,12.85,58.5
Queens,Queens Village,7,206,48.64,14.69,80.18
Brooklyn,Park Slope,7,206,30.33,6.94,43.09
Brooklyn,Sunset Park East,12,206,34.13,7.84,48.56
Manhattan,Washington Heights North,6,206,35.96,9.75,43.72
Queens,South Jamaica,14,206,49.75,11.32,51.92
Bronx,East Tremont,12,206,35.54,9.45,47.8
Bronx,West Farms/Bronx River,7,206,37.05,10.11,53.25
Brooklyn,Greenpoint,22,206,19.8,3.58,16.8
Bronx,West Farms/Bronx River,9,206,34.09,9.08,49.39
Brooklyn,Bedford,19,205,33.19,8.32,44.35
Queens,Saint Albans,13,205,44.13,12.68,63.8
Brooklyn,Greenpoint,18,205,24.45,4.72,29.06
Manhattan,Inwood,13,205,29.31,6.75,34.98
Bronx,East Tremont,14,205,35.68,10.14,59.29
Bronx,Spuyten Duyvil/Kingsbridge,11,205,35.9,9.3,47.21
Brooklyn,DUMBO/Vinegar Hill,10,205,25.52,4.96,22.5
Bronx,Bedford Park,13,204,41.98,11.71,59.84
Brooklyn,Williamsburg (South Side),17,204,32.53,4.68,28.43
Brooklyn,Bensonhurst West,6,204,44.63,12.41,62.89
Brooklyn,Clinton Hill,20,204,31.33,8.33,39.53
Queens,Jackson Heights,5,204,43.77,4.28,18.45
Brooklyn,Bensonhurst East,8,204,34.46,8.49,52.07
Brooklyn,Brighton Beach,7,204,44.8,11.67,68.23
Brooklyn,Boerum Hill,0,203,21.49,4.16,17.96
Bronx,Bedford Park,12,203,40.83,11.16,56.87
Brooklyn,Midwood,16,202,29.82,6.62,47.75
Bronx,Bronxdale,8,202,38.33,10.36,57.96
Brooklyn,East Williamsburg,3,202,30.82,4.93,16.58
Queens,Queensbridge/Ravenswood,15,202,28.12,5.34,39.12
Manhattan,Financial District South,6,202,25.88,6.01,17.8
Queens,Baisley Park,21,202,66.53,13.0,28.69
Bronx,Co-Op City,17,202,43.57,12.77,61.3
Brooklyn,Bushwick South,5,202,32.28,7.8,39.73
Queens,Hammels/Arverne,13,202,50.15,14.97,74.64
Manhattan,Little Italy/NoLiTa,6,202,20.59,4.06,13.46
Bronx,University Heights/Morris Heights,16,201,37.48,10.25,60.64
Bronx,Eastchester,9,201,43.78,12.71,59.01
Brooklyn,East Williamsburg,2,201,29.0,4.41,16.08
Queens,Steinway,19,201,45.75,6.26,18.86
Brooklyn,Madison,9,201,31.93,7.75,50.61
Queens,Queensbridge/Ravenswood,11,201,27.14,5.42,32.97
Brooklyn,Borough Park,16,200,28.52,6.15,50.84
Brooklyn,Greenpoint,0,200,21.42,3.67,15.82
Bronx,West Concourse,13,200,30.27,7.01,40.79
Queens,Long Island City/Queens Plaza,23,200,16.83,2.81,12.69
Bronx,Westchester Village/Unionport,16,200,37.1,10.38,64.03
Brooklyn,Carroll Gardens,8,200,20.86,3.68,23.26
Brooklyn,Madison,14,199,32.29,7.51,51.9
Bronx,Co-Op City,14,199,43.98,12.6,68.16
Queens,Queensbridge/Ravenswood,9,199,28.48,5.58,35.48
Brooklyn,Gravesend,11,199,38.81,9.87,50.46
Bronx,East Tremont,5,199,44.67,13.5,57.34
Bronx,Co-Op City,16,199,44.22,13.15,66.41
Brooklyn,Marine Park/Mill Basin,6,199,45.6,11.08,69.03
Queens,Flushing,14,199,40.96,11.16,56.05
Queens,Queensbridge/Ravenswood,13,199,27.84,5.41,32.82
Brooklyn,Erasmus,16,199,35.9,9.15,63.82
Queens,Maspeth,7,199,37.5,7.2,38.56
Brooklyn,Midwood,6,199,40.61,11.15,64.4
Queens,Queens Village,5,198,51.82,16.0,65.13
Queens,Springfield Gardens South,5,198,62.09,15.8,56.88
Brooklyn,Homecrest,8,198,35.37,8.58,60.8
Bronx,Hunts Point,7,198,34.16,8.97,52.31
Bronx,Van Cortlandt Village,11,198,40.94,11.19,57.75
Bronx,Van Cortlandt Village,15,198,37.64,9.71,56.82
Bronx,Van Nest/Morris Park,10,198,35.25,9.36,48.89
Brooklyn,Bushwick South,18,198,31.31,7.91,47.61
Bronx,Soundview/Bruckner,9,197,34.18,9.32,49.35
Brooklyn,Madison,12,197,30.29,6.77,42.61
Queens,Long Island City/Queens Plaza,20,197,17.18,2.85,14.23
Brooklyn,Brighton Beach,9,197,41.84,10.87,54.57
Brooklyn,Brighton Beach,13,196,42.1,10.39,56.09
Queens,Rego Park,11,196,37.26,7.97,42.75
Queens,Long Island City/Hunters Point,1,196,27.28,4.61,15.75
Brooklyn,Cobble Hill,12,196,25.16,4.42,30.17
Brooklyn,Ocean Hill,18,196,33.93,8.04,45.95
Bronx,Van Nest/Morris Park,14,196,35.54,9.05,56.03
Bronx,Williamsbridge/Olinville,15,196,39.75,10.93,57.63
Queens,South Jamaica,15,195,50.69,11.09,53.57
Brooklyn,Cobble Hill,10,195,27.43,5.13,29.29
Queens,Queensbridge/Ravenswood,6,195,30.04,6.29,33.18
Brooklyn,Crown Heights South,15,195,29.68,6.56,50.36
Queens,Saint Albans,14,194,40.36,11.7,60.38
Queens,Laurelton,9,194,46.44,14.42,65.42
Queens,Springfield Gardens South,11,194,55.92,13.38,54.22
Brooklyn,Bensonhurst East,11,194,34.46,8.44,45.02
Manhattan,Inwood,7,194,33.63,8.96,44.81
Queens,Hammels/Arverne,16,194,45.34,12.66,69.84
Brooklyn,Greenpoint,23,193,22.14,4.27,17.78
Bronx,Morrisania/Melrose,15,193,35.58,9.04,60.44
Queens,Springfield Gardens North,11,193,42.6,11.98,56.39
Queens,Kew Gardens,7,193,42.41,9.49,53.58
Queens,Elmhurst,17,193,37.75,6.72,39.03
Queens,Flushing,9,192,37.38,9.86,56.6
Brooklyn,Bensonhurst East,14,192,39.94,10.24,59.17
Bronx,Van Nest/Morris Park,8,192,40.39,11.51,59.45
Bronx,Hunts Point,8,192,32.12,7.86,46.03
Queens,Laurelton,10,192,47.77,13.48,62.93
Brooklyn,Bushwick North,10,191,28.67,5.98,39.01
Bronx,Van Nest/Morris Park,16,191,37.45,10.35,63.91
Queens,Kew Gardens,13,191,57.41,7.16,31.66
Queens,Astoria,22,191,21.09,4.68,19.34
Bronx,Van Nest/Morris Park,13,190,34.8,8.55,48.09
Bronx,Kingsbridge Heights,11,190,39.18,10.77,54.16
Brooklyn,Williamsburg (South Side),18,190,29.54,4.98,28.15
Manhattan,Central Harlem North,1,190,14.54,2.54,11.46
Bronx,Norwood,13,190,40.26,10.49,55.58
Queens,Rego Park,12,190,38.25,8.25,42.79
Brooklyn,Stuyvesant Heights,19,190,34.37,8.61,46.18
Brooklyn,Red Hook,11,190,42.78,9.6,45.59
Brooklyn,Madison,11,190,32.49,7.57,45.49
Bronx,Co-Op City,15,190,47.03,13.43,71.45
Queens,Elmhurst,10,189,32.53,7.07,43.36
Brooklyn,Cypress Hills,15,189,32.28,6.97,47.41
Bronx,Soundview/Castle Hill,14,189,36.68,9.48,53.09
Queens,Corona,12,189,36.89,8.96,47.74
Bronx,Schuylerville/Edgewater Park,9,189,39.17,11.02,47.73
Brooklyn,Sunset Park West,17,189,33.6,7.73,48.58
Brooklyn,Bay Ridge,17,189,40.39,10.26,53.86
Bronx,Williamsbridge/Olinville,14,189,41.52,11.5,61.9
Brooklyn,Gravesend,6,189,45.81,12.74,63.99
Bronx,Claremont/Bathgate,16,188,40.76,11.21,71.76
Queens,Corona,6,188,38.87,9.32,46.03
Brooklyn,Sunset Park East,13,188,33.47,7.5,47.21
Manhattan,Washington Heights North,18,188,26.46,5.74,29.23
Manhattan,Financial District South,4,188,26.6,5.75,15.08
Queens,Jamaica,21,187,47.59,11.51,38.2
Brooklyn,Brownsville,19,187,35.37,9.04,45.41
Bronx,Spuyten Duyvil/Kingsbridge,13,187,36.31,9.43,45.59
Brooklyn,Marine Park/Mill Basin,16,187,30.96,6.36,43.35
Brooklyn,Clinton Hill,19,187,31.27,7.39,40.16
Manhattan,Manhattan Valley,3,187,16.16,3.09,10.09
Brooklyn,Madison,13,187,28.16,5.88,39.44
Manhattan,World Trade Center,3,187,25.03,5.29,15.06
Bronx,Fordham South,7,187,41.23,11.47,65.99
Bronx,Crotona Park East,8,186,34.26,8.9,52.04
Queens,Elmhurst,6,186,33.05,7.69,41.13
Brooklyn,Prospect-Lefferts Gardens,4,186,32.05,8.32,39.07
Bronx,Allerton/Pelham Gardens,6,185,44.27,12.83,62.19
Queens,Kew Gardens,14,185,63.57,6.48,27.1
Brooklyn,East New York/Pennsylvania Avenue,16,185,32.67,7.88,56.71
Manhattan,Bloomingdale,2,184,13.58,2.3,9.62
Manhattan,Stuy Town/Peter Cooper Village,5,184,20.47,4.43,16.51
Brooklyn,Sunset Park West,7,184,34.31,8.31,49.5
Bronx,Claremont/Bathgate,12,184,35.35,8.79,49.6
Brooklyn,Starrett City,15,184,32.39,7.53,46.45
Bronx,Claremont/Bathgate,15,184,34.6,8.67,57.3
Bronx,East Concourse/Concourse Village,18,183,30.84,7.37,46.64
Manhattan,Manhattanville,23,183,16.22,3.06,12.46
Brooklyn,Cobble Hill,11,182,25.39,4.81,30.65
Brooklyn,DUMBO/Vinegar Hill,9,182,26.33,4.91,24.6
Brooklyn,Bushwick North,14,182,29.68,6.28,47.67
Queens,Richmond Hill,9,182,45.64,9.38,44.12
Brooklyn,Sunset Park East,10,182,31.59,7.2,44.72
Brooklyn,Starrett City,5,182,44.4,11.87,57.7
Brooklyn,Canarsie,4,182,46.37,12.29,52.58
Manhattan,Two Bridges/Seward Park,5,182,31.0,7.4,29.14
Brooklyn,Bensonhurst East,10,182,33.51,8.05,43.88
Brooklyn,Madison,15,182,31.82,7.53,49.53
Manhattan,Stuy Town/Peter Cooper Village,4,182,17.14,3.28,11.46
Bronx,Bedford Park,15,181,40.87,11.47,67.46
Brooklyn,Williamsburg (South Side),12,181,34.46,6.29,32.86
Queens,Far Rockaway,4,181,63.6,21.25,75.8
Queens,Rego Park,9,181,37.81,8.63,49.65
Brooklyn,Prospect Heights,8,181,27.52,5.93,43.51
Bronx,Norwood,8,181,40.58,11.51,55.34
Queens,Jamaica,20,181,53.99,11.14,33.9
Manhattan,East Harlem North,2,181,17.13,3.36,10.7
Queens,Far Rockaway,17,181,47.5,15.16,71.64
Bronx,Highbridge,14,181,34.06,8.65,49.73
Bronx,Pelham Parkway,7,180,42.48,12.37,71.04
Manhattan,Hudson Sq,5,180,27.39,5.67,14.56
Queens,Woodhaven,8,180,34.52,9.08,54.63
Brooklyn,Sunset Park East,11,180,37.33,9.94,49.81
Brooklyn,DUMBO/Vinegar Hill,7,179,32.36,6.31,32.69
Manhattan,Seaport,7,179,27.26,5.66,21.93
Brooklyn,Madison,10,179,29.67,6.66,41.82
Bronx,Bronxdale,12,179,41.63,11.52,57.53
Manhattan,Alphabet City,6,179,27.04,5.96,31.42
Bronx,West Farms/Bronx River,6,179,36.78,9.91,49.35
Bronx,Pelham Parkway,8,179,39.81,11.91,62.52
Brooklyn,East Williamsburg,17,178,35.69,5.89,40.57
Brooklyn,East Flatbush/Remsen Village,19,178,38.19,9.65,48.04
Manhattan,Hamilton Heights,1,178,15.71,2.8,11.71
Queens,Flushing,7,178,40.95,11.66,66.24
Brooklyn,Bensonhurst West,15,178,32.16,7.2,47.28
Brooklyn,Bensonhurst West,5,178,47.28,12.63,54.85
Brooklyn,Kensington,9,178,28.63,5.84,39.09
Bronx,Woodlawn/Wakefield,12,177,42.74,12.55,55.69
Brooklyn,Bushwick North,13,177,28.74,6.07,39.76
Manhattan,Inwood,16,177,30.16,6.8,40.77
Brooklyn,Borough Park,7,177,38.02,9.87,58.49
Bronx,East Tremont,16,177,41.04,12.02,70.77
Bronx,Schuylerville/Edgewater Park,8,177,37.67,11.15,52.96
Bronx,Spuyten Duyvil/Kingsbridge,12,177,36.7,9.76,49.97
Queens,Long Island City/Queens Plaza,21,177,18.57,3.38,14.62
Brooklyn,Cobble Hill,9,177,24.52,4.35,25.54
Queens,Briarwood/Jamaica Hills,9,176,45.9,11.44,54.22
Brooklyn,Bushwick North,15,176,29.2,5.99,44.64
Queens,Woodside,18,176,46.75,5.85,26.14
Brooklyn,East New York/Pennsylvania Avenue,17,176,36.35,9.28,55.12
Brooklyn,Crown Heights South,17,176,30.51,6.98,51.56
Brooklyn,Sunset Park East,9,175,32.7,7.91,49.9
Bronx,Van Cortlandt Village,12,175,38.63,10.21,54.44
Brooklyn,Sheepshead Bay,16,175,37.72,8.99,57.56
Bronx,Claremont/Bathgate,14,175,35.42,8.92,58.82
Queens,Cambria Heights,8,175,49.68,14.7,68.73
Queens,Queens Village,22,175,49.29,15.12,55.47
Queens,Briarwood/Jamaica Hills,16,175,55.07,9.64,42.9
Manhattan,Central Park,4,175,33.95,7.71,18.6
Brooklyn,Madison,8,174,32.41,7.38,52.57
Brooklyn,Carroll Gardens,7,174,15.96,2.54,14.15
Brooklyn,Williamsburg (South Side),14,174,35.65,6.01,31.22
Brooklyn,Sunset Park East,14,174,33.84,7.92,52.89
Queens,Jackson Heights,19,174,35.81,6.39,24.94
Manhattan,Inwood,17,174,28.58,6.76,36.21
Bronx,Kingsbridge Heights,12,173,35.48,9.71,46.02
Brooklyn,Kensington,8,173,27.73,5.74,39.82
Brooklyn,Greenpoint,14,173,26.36,5.05,34.51
Queens,Queensbridge/Ravenswood,12,173,28.32,5.26,33.69
Brooklyn,Crown Heights North,4,173,32.35,7.97,41.6
Bronx,Van Cortlandt Village,13,173,36.88,9.36,49.62
Queens,Flushing,11,173,37.52,10.05,55.1
Brooklyn,Bushwick North,9,173,28.67,5.9,39.21
Queens,Springfield Gardens South,13,173,60.73,13.2,52.3
Queens,Springfield Gardens South,14,173,72.23,14.16,52.8
Queens,Long Island City/Queens Plaza,0,172,15.96,3.05,12.12
Brooklyn,Williamsburg (South Side),3,172,22.45,3.92,14.06
Brooklyn,Fort Greene,1,172,19.32,3.73,15.65
Queens,Richmond Hill,17,172,55.48,6.52,30.53
Queens,Queens Village,10,172,42.82,12.72,53.77
Brooklyn,Gravesend,13,172,35.59,8.57,46.46
Queens,South Jamaica,5,172,46.01,13.03,50.11
Brooklyn,Starrett City,17,172,33.94,8.58,48.7
Bronx,Riverdale/North Riverdale/Fieldston,10,171,38.45,10.48,48.76
Queens,Flushing,16,171,41.31,10.59,65.41
Brooklyn,Brighton Beach,8,171,42.75,11.39,65.7
Bronx,Longwood,6,171,40.6,11.61,59.6
Manhattan,Roosevelt Island,15,171,35.53,7.91,53.69
Bronx,Fordham South,9,171,38.71,11.04,54.82
Queens,Old Astoria,16,170,26.27,5.15,32.59
Brooklyn,Prospect Heights,10,170,26.85,5.4,40.86
Bronx,Crotona Park East,12,170,37.27,10.82,51.29
Brooklyn,Bedford,5,170,35.82,9.9,45.07
Queens,Rosedale,8,169,51.37,15.53,71.34
Brooklyn,Bushwick North,12,169,26.96,5.52,37.96
Bronx,Eastchester,12,169,45.33,13.4,61.31
Queens,Jackson Heights,4,169,32.28,3.0,10.33
Queens,Saint Albans,19,168,45.51,14.02,55.65
Bronx,Crotona Park East,9,168,34.71,9.15,50.14
Queens,Hammels/Arverne,15,168,47.96,13.63,75.4
Brooklyn,Prospect Heights,13,168,32.77,8.43,51.18
Bronx,Bronxdale,10,168,38.98,10.61,52.52
Bronx,Crotona Park East,10,168,34.24,8.58,47.1
Bronx,Crotona Park East,7,168,35.86,9.16,54.77
Queens,Queens Village,16,168,47.22,13.54,63.28
Brooklyn,East Williamsburg,4,168,31.73,4.67,15.37
Bronx,West Farms/Bronx River,8,168,38.97,10.26,55.61
Brooklyn,Flatbush/Ditmas Park,19,167,36.04,8.7,45.63
Queens,Long Island City/Queens Plaza,5,167,35.28,4.23,13.69
Brooklyn,Canarsie,19,167,36.46,9.36,46.01
Queens,Springfield Gardens South,15,167,70.46,14.19,53.98
Queens,Rosedale,9,167,49.12,14.55,68.66
Queens,Woodhaven,9,167,35.65,9.22,48.85
Queens,Long Island City/Hunters Point,3,167,48.38,7.23,15.26
Brooklyn,Williamsburg (South Side),15,166,30.25,5.48,33.7
Queens,Rosedale,7,166,48.52,14.65,79.12
Brooklyn,Bushwick North,11,166,28.89,6.28,40.55
Queens,Elmhurst,18,166,36.98,7.63,36.7
Bronx,Bronxdale,9,166,40.98,10.97,56.29
Brooklyn,Greenpoint,16,166,24.38,4.41,32.74
Brooklyn,East New York/Pennsylvania Avenue,5,165,47.9,12.62,56.67
Brooklyn,Greenpoint,11,165,31.46,7.02,41.25
Bronx,Claremont/Bathgate,11,165,35.48,9.34,51.68
Bronx,Westchester Village/Unionport,9,164,36.34,9.82,50.51
Brooklyn,Manhattan Beach,15,164,41.15,10.71,61.19
Brooklyn,Williamsburg (South Side),9,164,30.71,5.81,32.97
Brooklyn,Gravesend,15,164,44.92,12.06,72.99
Bronx,Riverdale/North Riverdale/Fieldston,9,164,38.25,11.24,51.11
Queens,Springfield Gardens South,18,164,66.48,13.14,45.47
Bronx,Longwood,8,164,33.35,8.55,51.42
Queens,Middle Village,8,164,34.8,7.69,45.23
Manhattan,Washington Heights South,1,163,18.13,3.14,10.74
Bronx,Eastchester,11,163,44.23,12.84,59.62
Brooklyn,Cypress Hills,16,163,36.95,9.19,52.72
Bronx,Riverdale/North Riverdale/Fieldston,11,163,37.51,10.32,47.34
Bronx,Claremont/Bathgate,5,163,45.21,13.91,61.47
Brooklyn,Bay Ridge,3,163,56.53,18.49,56.96
Brooklyn,Greenpoint,1,163,21.53,3.65,14.9
Queens,Briarwood/Jamaica Hills,7,163,47.17,10.53,53.02
Brooklyn,Greenpoint,15,163,27.98,5.95,40.98
Brooklyn,Kensington,10,163,32.11,7.24,44.24
Bronx,Hunts Point,10,163,35.64,9.43,49.71
Queens,Queens Village,15,163,44.21,12.92,59.49
Queens,Cambria Heights,7,163,49.73,14.44,73.11
Brooklyn,Greenpoint,20,163,21.03,3.93,19.63
Queens,Rego Park,14,163,47.24,8.09,45.18
Bronx,Kingsbridge Heights,15,163,37.09,10.16,56.87
Bronx,West Farms/Bronx River,12,162,35.42,9.34,51.29
Brooklyn,Greenpoint,17,162,27.69,5.19,34.55
Queens,Rego Park,13,162,43.66,8.73,42.52
Queens,Ridgewood,12,162,27.4,5.49,38.17
Queens,Ridgewood,9,162,30.14,6.71,44.57
Queens,Astoria,1,162,20.04,3.77,13.83
Queens,Hollis,6,162,45.77,13.33,68.15
Queens,Sunnyside,3,162,46.61,6.21,13.19
Brooklyn,Brooklyn Heights,23,162,20.13,3.88,15.7
Queens,Long Island City/Queens Plaza,4,162,36.81,4.04,11.84
Brooklyn,DUMBO/Vinegar Hill,23,162,23.58,4.56,17.38
Brooklyn,Prospect Heights,21,161,30.42,7.46,35.13
Brooklyn,Erasmus,17,161,34.45,8.7,56.4
Queens,South Jamaica,20,161,62.53,12.85,38.77
Queens,Corona,10,161,35.72,8.82,48.76
Queens,Springfield Gardens South,10,161,56.84,13.45,51.2
Queens,Queens Village,11,160,44.45,13.17,56.32
Bronx,West Farms/Bronx River,10,160,35.18,9.51,49.5
Brooklyn,Greenpoint,9,160,29.9,6.36,39.38
Queens,Corona,5,160,36.56,9.46,41.56
Bronx,East Concourse/Concourse Village,5,160,36.71,9.55,44.6
Brooklyn,Starrett City,16,160,33.08,8.36,52.28
Queens,Ridgewood,13,160,25.92,5.08,36.64
Bronx,Westchester Village/Unionport,8,160,35.08,9.42,53.59
Bronx,Mount Hope,6,159,36.82,10.14,47.13
Queens,Steinway,20,159,51.15,6.59,17.37
Brooklyn,Sunset Park East,15,159,33.97,8.0,58.37
Brooklyn,Greenpoint,12,159,29.4,6.05,35.53
Queens,Kew Gardens,17,159,66.69,6.1,24.66
Queens,Hillcrest/Pomonok,14,159,38.4,10.46,55.36
Queens,Baisley Park,23,158,73.49,12.79,29.13
Brooklyn,Clinton Hill,6,158,30.01,7.28,40.32
Brooklyn,Bushwick North,17,158,31.26,7.69,50.65
Queens,Corona,16,158,43.23,8.59,50.33
Bronx,West Concourse,18,158,30.68,7.4,37.78
Queens,Hillcrest/Pomonok,16,158,39.04,10.37,59.85
Queens,Springfield Gardens South,17,158,70.2,13.57,51.98
Queens,Queensbridge/Ravenswood,16,157,29.11,4.85,30.95
Brooklyn,Bushwick North,16,157,31.43,7.04,49.92
Brooklyn,Bushwick North,8,157,27.52,5.93,46.4
Brooklyn,Bedford,21,157,33.77,8.5,46.04
Brooklyn,Sunset Park East,8,157,30.73,6.6,46.32
Queens,Springfield Gardens South,12,157,61.3,15.25,55.66
Brooklyn,Crown Heights South,16,157,31.71,7.36,57.14
Queens,Hillcrest/Pomonok,8,157,38.62,10.97,60.32
Brooklyn,Homecrest,17,157,28.73,6.82,41.99
Queens,Maspeth,14,157,52.73,7.31,32.46
Bronx,Westchester Village/Unionport,15,157,35.52,9.89,57.76
Queens,Jamaica,22,156,57.98,11.31,28.96
Bronx,Pelham Parkway,11,156,39.64,10.86,56.02
Brooklyn,Williamsburg (North Side),16,156,23.78,3.99,27.61
Brooklyn,Cypress Hills,14,156,30.59,6.36,41.98
Queens,Rego Park,10,156,37.73,8.28,48.13
Queens,Far Rockaway,16,155,50.57,16.08,79.23
Bronx,Hunts Point,6,155,36.7,9.86,43.96
Brooklyn,Williamsburg (South Side),8,155,29.67,6.34,37.87
Bronx,Longwood,9,155,31.64,7.34,47.03
Manhattan,Washington Heights North,19,155,26.05,5.79,28.66
Bronx,Westchester Village/Unionport,10,155,40.22,9.4,47.19
Brooklyn,Ocean Hill,19,154,35.22,8.17,43.69
Bronx,Van Cortlandt Village,14,154,39.48,10.31,58.86
Bronx,Co-Op City,18,154,43.04,12.18,51.5
Brooklyn,Gravesend,12,154,37.46,9.31,49.49
Queens,Flushing,17,154,36.99,9.84,48.72
Brooklyn,Cobble Hill,15,154,25.08,4.89,33.84
Queens,South Jamaica,19,154,58.25,11.79,41.04
Queens,Springfield Gardens North,4,153,48.88,14.22,56.12
Brooklyn,Greenpoint,8,153,29.23,5.79,35.61
Brooklyn,Bedford,20,153,26.71,6.21,36.0
Bronx,Williamsbridge/Olinville,16,153,45.72,13.79,70.03
Queens,Queens Village,14,153,43.59,12.73,58.34
Queens,South Ozone Park,22,153,48.43,9.52,33.38
Manhattan,Central Harlem North,2,153,16.46,3.29,12.38
Brooklyn,Williamsburg (North Side),4,153,21.19,4.1,15.18
Bronx,University Heights/Morris Heights,17,153,38.03,11.43,54.36
Bronx,Woodlawn/Wakefield,11,153,43.78,12.67,57.76
Bronx,Norwood,7,153,41.12,11.58,59.0
Brooklyn,Ocean Hill,5,153,35.85,9.58,44.65
Bronx,Williamsbridge/Olinville,17,152,42.41,11.9,61.45
Brooklyn,Greenpoint,21,152,21.11,3.81,17.7
Queens,Forest Hills,18,152,33.84,6.47,30.94
Brooklyn,Kensington,11,152,30.94,6.89,46.74
Bronx,Bronxdale,16,152,41.49,11.65,67.72
Bronx,Longwood,7,152,34.27,8.68,52.45
Queens,Hillcrest/Pomonok,10,152,35.63,10.13,49.56
Queens,Elmhurst/Maspeth,13,152,44.02,6.35,29.89
Bronx,Norwood,17,152,42.13,11.7,58.21
Manhattan,Washington Heights South,5,151,30.44,7.83,32.12
Bronx,Riverdale/North Riverdale/Fieldston,12,151,36.07,10.14,41.99
Bronx,Spuyten Duyvil/Kingsbridge,15,151,34.88,8.91,49.69
Manhattan,East Harlem North,3,151,19.74,4.32,15.34
Bronx,Pelham Parkway,10,151,39.23,10.49,55.61
Bronx,Pelham Bay,7,151,41.39,12.03,60.17
Brooklyn,East Williamsburg,22,151,26.67,4.18,17.52
Queens,South Ozone Park,4,151,57.96,8.66,28.32
Brooklyn,Williamsburg (South Side),13,151,33.44,5.82,32.5
Queens,Jamaica Estates,8,150,42.45,11.98,60.76
Brooklyn,Williamsburg (South Side),10,150,27.84,5.33,31.46
Brooklyn,Marine Park/Mill Basin,17,150,30.15,6.39,41.91
Manhattan,Battery Park,10,150,22.6,3.68,19.4
Manhattan,Central Harlem,3,150,20.46,4.33,14.31
Brooklyn,Carroll Gardens,9,150,22.72,4.05,26.11
Brooklyn,Gravesend,14,150,39.69,10.14,58.66
Bronx,Claremont/Bathgate,13,150,34.2,8.86,46.34
Queens,Kew Gardens,18,149,63.93,7.09,24.31
Bronx,Van Nest/Morris Park,9,149,34.64,8.95,50.16
Bronx,Fordham South,6,149,38.34,10.07,50.78
Bronx,Soundview/Castle Hill,17,149,35.42,9.23,52.48
Brooklyn,Prospect Heights,14,149,26.8,5.28,40.66
Queens,Astoria,4,149,23.96,4.58,16.66
Brooklyn,Williamsburg (North Side),15,149,26.09,4.53,31.55
Brooklyn,Brownsville,21,149,44.05,13.44,54.49
Brooklyn,Cobble Hill,13,148,28.81,5.51,31.57
Queens,Woodside,19,148,45.39,5.66,20.28
Queens,South Ozone Park,20,148,64.17,10.5,34.46
Bronx,Allerton/Pelham Gardens,7,148,44.3,12.82,73.09
Manhattan,Chinatown,3,148,18.6,3.56,13.04
Queens,Springfield Gardens North,14,148,39.27,11.32,63.09
Bronx,Van Nest/Morris Park,7,148,41.17,11.68,65.13
Brooklyn,Crown Heights South,18,147,30.1,7.23,45.3
Manhattan,Battery Park,18,147,24.33,4.33,21.13
Manhattan,Battery Park City,1,147,21.04,3.94,15.14
Queens,Ridgewood,15,147,28.79,5.86,46.39
Bronx,Hunts Point,12,147,35.97,9.27,50.01
Brooklyn,Erasmus,15,147,31.27,7.11,53.58
Queens,Maspeth,6,147,40.19,6.56,27.23
Brooklyn,South Williamsburg,7,147,32.86,7.42,39.79
Queens,Ridgewood,11,146,27.47,5.66,40.43
Brooklyn,Prospect Heights,12,146,28.4,6.09,43.08
Bronx,Soundview/Bruckner,10,146,35.2,9.79,49.21
Brooklyn,Fort Greene,5,146,40.93,9.94,42.08
Bronx,Crotona Park East,11,146,35.89,9.78,52.64
Queens,Woodhaven,10,146,36.37,7.84,46.43
Brooklyn,Bushwick South,19,146,33.77,8.74,44.16
Queens,Briarwood/Jamaica Hills,12,145,45.54,10.21,46.75
Brooklyn,Prospect Heights,11,145,28.72,6.23,42.74
Bronx,Van Nest/Morris Park,17,145,40.31,11.11,57.2
Bronx,Morrisania/Melrose,5,145,40.11,11.84,51.25
Bronx,Soundview/Bruckner,7,145,38.72,11.2,60.91
Brooklyn,Kensington,12,145,32.44,7.26,45.17
Bronx,Belmont,7,145,38.6,10.67,61.76
Queens,Steinway,21,145,47.38,6.48,19.07
Bronx,Parkchester,15,145,37.25,10.55,64.3
Queens,Ridgewood,8,145,31.37,7.47,52.93
Bronx,East Tremont,17,145,36.67,9.65,53.49
Bronx,Bronxdale,11,145,40.42,11.22,54.53
Queens,Laurelton,16,144,48.76,14.19,60.89
Brooklyn,Madison,7,144,38.47,9.66,62.32
Queens,Briarwood/Jamaica Hills,13,144,51.83,9.88,44.22
Brooklyn,Prospect Heights,15,144,29.09,6.17,46.8
Brooklyn,Greenpoint,10,144,32.3,6.83,38.7
Brooklyn,Williamsburg (South Side),11,144,30.08,6.13,34.06
Bronx,Fordham South,8,144,40.58,11.3,61.99
Queens,Briarwood/Jamaica Hills,14,143,47.84,9.03,46.4
Queens,Sunnyside,2,143,35.8,5.41,16.17
Queens,South Jamaica,18,143,52.61,12.08,49.26
Queens,Jamaica,23,143,53.18,11.46,28.16
Brooklyn,Greenpoint,19,143,22.03,4.12,21.67
Queens,Kew Gardens,9,143,44.29,9.59,49.29
Bronx,Woodlawn/Wakefield,4,143,45.56,14.44,46.74
Queens,Hillcrest/Pomonok,11,143,36.17,9.74,48.37
Brooklyn,Williamsburg (North Side),14,143,25.08,4.17,27.82
Queens,Woodhaven,13,143,34.58,7.96,44.13
Queens,Hillcrest/Pomonok,12,142,35.61,9.74,51.17
Queens,South Jamaica,21,142,55.07,11.93,37.67
Brooklyn,Erasmus,5,142,36.0,9.55,50.6
Queens,Springfield Gardens South,20,141,71.43,16.15,37.76
Queens,Ridgewood,10,141,29.31,6.16,41.92
Queens,Forest Hills,19,141,34.88,7.27,31.73
Bronx,Kingsbridge Heights,14,141,37.3,10.16,57.96
Queens,Woodside,20,141,44.4,6.79,23.15
Bronx,Kingsbridge Heights,16,141,35.95,9.25,55.2
Queens,Hillcrest/Pomonok,15,141,36.3,9.4,54.72
Brooklyn,East Williamsburg,18,141,36.2,6.16,33.41
Bronx,Fordham South,10,141,39.17,10.63,56.28
Queens,Corona,15,141,38.5,8.89,56.27
Bronx,Kingsbridge Heights,13,141,36.04,8.98,55.56
Manhattan,Battery Park City,4,141,47.09,11.93,22.32
Queens,Ridgewood,7,140,30.24,6.56,45.38
Brooklyn,Cobble Hill,18,140,19.25,3.22,20.37
Manhattan,Central Harlem North,3,140,17.2,3.24,14.45
Brooklyn,Downtown Brooklyn/MetroTech,1,140,21.75,4.14,15.48
Queens,South Jamaica,4,140,48.43,14.94,52.47
Queens,Briarwood/Jamaica Hills,8,140,45.73,10.72,51.26
Brooklyn,Sunset Park East,16,140,33.14,7.63,55.75
Bronx,Morrisania/Melrose,17,140,31.98,7.18,48.86
Bronx,Melrose South,18,139,31.69,7.88,44.45
Queens,Jackson Heights,20,139,37.61,6.88,22.46
Brooklyn,Gowanus,10,139,31.18,6.24,41.09
Bronx,Woodlawn/Wakefield,16,139,47.85,14.55,77.62
Queens,Briarwood/Jamaica Hills,10,139,45.04,9.66,45.78
Bronx,Soundview/Castle Hill,16,139,36.62,9.48,54.48
Brooklyn,East Williamsburg,19,138,30.29,5.85,29.13
Bronx,Spuyten Duyvil/Kingsbridge,6,138,41.78,12.26,54.18
Bronx,Riverdale/North Riverdale/Fieldston,8,138,39.89,11.11,54.83
Brooklyn,Kensington,13,138,30.54,6.61,42.82
Brooklyn,Red Hook,12,138,35.51,7.07,37.23
Brooklyn,Cobble Hill,16,138,24.67,4.38,29.29
Brooklyn,Crown Heights North,22,138,30.82,7.4,34.75
Queens,Jamaica Estates,9,138,41.02,11.53,58.97
Queens,Woodhaven,12,138,35.84,8.95,48.66
Queens,Hillcrest/Pomonok,9,138,38.45,10.22,54.36
Queens,South Jamaica,17,138,59.65,12.55,53.46
Bronx,Belmont,9,138,37.18,9.68,51.7
Brooklyn,Borough Park,17,137,28.86,6.14,45.06
Queens,Queens Village,12,137,46.65,13.14,56.73
Bronx,Belmont,10,137,36.66,9.23,47.71
Queens,Jamaica Estates,13,137,39.76,11.43,50.19
Manhattan,Manhattanville,0,137,14.87,2.7,10.96
Brooklyn,Manhattan Beach,13,136,33.81,7.6,42.38
Brooklyn,Gowanus,11,136,28.51,5.46,38.39
Bronx,Woodlawn/Wakefield,5,136,46.67,15.2,57.91
Bronx,Spuyten Duyvil/Kingsbridge,14,136,34.51,8.58,46.52
Brooklyn,Stuyvesant Heights,20,136,35.56,9.52,44.75
Manhattan,Chinatown,6,136,32.96,7.8,37.09
Manhattan,Roosevelt Island,9,135,30.26,5.3,38.82
Bronx,Bedford Park,4,135,45.86,14.29,51.58
Brooklyn,Sheepshead Bay,17,135,36.5,9.01,52.48
Bronx,Mount Hope,16,135,38.83,10.89,66.31
Queens,South Ozone Park,21,135,51.88,10.33,34.56
Queens,Maspeth,16,135,55.67,7.31,35.3
Brooklyn,Cobble Hill,14,135,25.28,4.76,31.2
Queens,Steinway,6,135,45.49,4.85,22.89
Bronx,Schuylerville/Edgewater Park,10,135,37.56,10.55,49.74
Bronx,Pelham Parkway,9,135,39.98,11.04,59.43
Queens,Corona,11,135,37.85,9.64,48.51
Queens,Steinway,23,134,45.56,5.94,16.76
Brooklyn,Sunset Park East,7,134,34.56,8.59,52.14
Brooklyn,Prospect-Lefferts Gardens,20,134,35.69,9.53,48.72
Queens,Springfield Gardens North,16,134,42.47,12.05,64.64
Queens,Springfield Gardens South,19,134,72.83,15.05,38.53
Bronx,Longwood,11,134,34.12,8.88,51.45
Brooklyn,Williamsburg (North Side),13,134,27.93,5.35,37.5
Queens,Jamaica Estates,10,134,39.32,10.51,51.84
Queens,Kew Gardens,11,134,45.31,8.62,44.88
Bronx,Pelham Bay,6,133,44.54,13.87,67.87
Manhattan,Hamilton Heights,4,133,22.55,4.64,19.12
Queens,Ozone Park,8,133,34.89,9.39,52.87
Brooklyn,Clinton Hill,21,133,28.68,7.04,30.84
Queens,Queens Village,13,133,41.8,12.06,52.13
Queens,Richmond Hill,18,133,57.96,6.38,26.1
Brooklyn,Brighton Beach,17,133,44.81,12.09,65.77
Brooklyn,Greenpoint,13,132,27.86,5.11,32.52
Queens,Long Island City/Queens Plaza,1,132,15.8,2.64,11.11
Bronx,Melrose South,5,132,45.87,13.1,59.09
Bronx,Soundview/Bruckner,11,132,37.47,9.86,50.3
Queens,Hillcrest/Pomonok,17,132,36.08,9.65,53.55
Queens,Jamaica Estates,6,131,44.36,12.66,61.42
Brooklyn,East Flatbush/Farragut,4,131,38.18,9.81,49.95
Bronx,Bedford Park,16,131,42.64,12.19,70.21
Queens,Laurelton,5,131,55.51,16.39,72.9
Bronx,Allerton/Pelham Gardens,9,131,40.85,10.87,57.84
Brooklyn,South Williamsburg,9,131,27.45,5.75,38.45
Bronx,Crotona Park East,5,131,42.19,12.07,51.85
Brooklyn,Greenpoint,2,131,21.26,3.96,15.1
Queens,Maspeth,9,130,34.99,6.78,33.99
Manhattan,Roosevelt Island,10,130,28.49,4.94,38.22
Brooklyn,South Williamsburg,10,130,27.14,5.2,38.32
Bronx,Belmont,6,130,39.69,11.06,55.12
Queens,Rego Park,17,130,44.55,6.84,35.91
Brooklyn,Gowanus,9,130,31.62,7.06,45.17
Manhattan,Inwood,18,130,29.37,7.21,35.63
Queens,Springfield Gardens South,21,129,72.27,15.24,32.47
Queens,Old Astoria,17,129,28.79,5.12,32.71
Queens,Steinway,22,129,45.19,5.96,16.38
Brooklyn,Downtown Brooklyn/MetroTech,6,129,30.0,6.3,21.32
Bronx,Bronxdale,17,129,42.19,11.56,59.33
Queens,Jamaica Estates,7,129,44.36,13.44,63.86
Queens,Briarwood/Jamaica Hills,5,128,43.51,11.79,50.23
Queens,Ridgewood,14,128,28.44,5.74,45.63
Bronx,Hunts Point,11,128,35.43,8.89,50.46
Brooklyn,Park Slope,1,128,23.02,4.3,17.23
Brooklyn,Flatbush/Ditmas Park,4,128,38.33,9.81,49.38
Bronx,Morrisania/Melrose,16,128,36.17,9.81,62.23
Queens,Ridgewood,6,128,34.53,8.21,44.78
Bronx,Bronxdale,13,128,40.5,10.94,55.6
Brooklyn,East New York/Pennsylvania Avenue,18,128,33.23,8.17,42.17
Brooklyn,Canarsie,20,128,42.68,11.23,48.17
Brooklyn,Red Hook,6,127,40.36,9.05,35.11
Queens,South Ozone Park,23,127,45.94,10.56,31.66
Brooklyn,Cobble Hill,17,127,20.95,3.85,25.58
Queens,Kew Gardens,10,127,47.57,8.47,40.04
Bronx,Westchester Village/Unionport,11,127,34.89,9.22,46.69
Queens,Corona,13,127,38.01,8.7,44.63
Brooklyn,East Flatbush/Farragut,18,127,32.47,7.17,45.68
Queens,Springfield Gardens South,23,127,76.78,15.35,29.46
Queens,South Jamaica,23,127,64.89,13.04,34.99
Bronx,Mott Haven/Port Morris,19,127,32.14,7.32,32.02
Bronx,Schuylerville/Edgewater Park,7,126,40.36,11.52,64.16
Queens,Howard Beach,9,126,37.18,8.97,41.67
Queens,Woodhaven,11,126,35.95,8.39,46.72
Brooklyn,Sheepshead Bay,5,126,55.05,14.8,73.03
Bronx,Hunts Point,15,126,31.93,7.4,50.85
Brooklyn,Williamsburg (South Side),4,126,24.46,4.19,14.08
Brooklyn,Prospect-Lefferts Gardens,19,125,32.42,7.96,42.41
Queens,Woodhaven,7,125,35.89,9.53,61.7
Bronx,Riverdale/North Riverdale/Fieldston,13,125,37.59,9.62,44.7
Queens,Rego Park,15,125,43.39,7.88,46.28
Queens,Corona,4,125,33.56,7.89,32.61
Queens,Briarwood/Jamaica Hills,17,125,49.59,9.15,45.03
Bronx,University Heights/Morris Heights,18,125,37.21,10.22,51.91
Brooklyn,Bensonhurst East,15,125,34.68,8.27,49.49
Queens,Rego Park,7,125,37.94,8.53,48.16
Queens,Flushing Meadows-Corona Park,17,125,64.43,8.14,31.69
Queens,East Elmhurst,6,124,43.68,10.65,43.23
Queens,Kew Gardens Hills,8,124,40.57,11.02,62.45
Queens,Saint Albans,18,124,42.33,12.33,59.22
Brooklyn,Bath Beach,9,124,36.58,11.45,52.73
Manhattan,Central Park,3,124,22.91,4.77,13.86
Brooklyn,Bedford,4,124,32.06,8.14,36.91
Queens,Corona,14,124,38.14,8.5,46.57
Bronx,Bronxdale,5,123,42.86,12.42,52.22
Brooklyn,Sunset Park West,18,123,32.07,6.98,39.06
Bronx,Parkchester,16,123,36.21,9.9,59.4
Brooklyn,Madison,6,123,41.51,11.38,66.26
Bronx,Claremont/Bathgate,17,123,38.68,10.36,64.51
Brooklyn,Sheepshead Bay,18,123,40.86,10.4,51.17
Bronx,Spuyten Duyvil/Kingsbridge,16,123,34.79,8.32,44.19
Queens,Hillcrest/Pomonok,6,122,41.99,12.3,63.2
Bronx,Van Nest/Morris Park,6,122,39.96,11.78,54.65
Bronx,Belmont,8,122,38.26,10.54,57.67
Queens,Hammels/Arverne,4,122,56.89,18.64,64.49
Queens,Hillcrest/Pomonok,13,122,35.92,9.55,51.0
Bronx,Allerton/Pelham Gardens,13,122,39.8,10.29,56.7
Brooklyn,Crown Heights North,23,122,33.14,7.68,34.18
Brooklyn,Brownsville,20,122,37.14,9.76,45.99
Queens,Middle Village,10,122,35.86,8.05,43.92
Queens,Springfield Gardens South,22,122,68.11,15.88,30.75
Queens,Rego Park,18,122,41.13,8.3,41.37
Bronx,Fordham South,5,121,44.79,12.86,54.96
Bronx,Riverdale/North Riverdale/Fieldston,7,121,39.88,11.12,54.7
Bronx,Norwood,16,120,42.37,11.48,60.7
Queens,Rego Park,16,120,47.8,8.11,43.1
Brooklyn,East Williamsburg,21,120,27.88,4.63,19.57
Queens,Cambria Heights,5,120,59.9,17.15,69.44
Brooklyn,Flatbush/Ditmas Park,20,120,39.56,10.5,48.82
Bronx,Longwood,10,120,34.09,8.55,49.64
Brooklyn,Williamsburg (South Side),7,120,34.34,7.53,38.97
Queens,Long Island City/Hunters Point,2,120,30.06,4.95,13.98
Bronx,Pelham Parkway,12,120,40.39,11.23,52.59
Brooklyn,Bath Beach,5,120,43.73,13.07,45.58
Brooklyn,Homecrest,7,120,39.32,10.19,67.91
Queens,Hollis,9,120,45.24,13.68,63.14
Brooklyn,Prospect Heights,16,119,26.2,6.04,39.62
Bronx,Longwood,13,119,35.45,9.02,57.63
Bronx,Spuyten Duyvil/Kingsbridge,17,119,32.13,7.94,40.87
Brooklyn,Madison,5,119,46.15,13.16,62.17
Manhattan,Alphabet City,5,119,28.7,6.4,22.13
Queens,Maspeth,15,119,49.78,7.12,34.91
Queens,Howard Beach,7,119,44.77,12.77,64.95
Bronx,Longwood,12,119,34.5,8.88,51.22
Bronx,Highbridge,15,119,35.79,8.62,50.33
Bronx,Parkchester,18,119,37.36,10.34,52.86
Queens,Hammels/Arverne,18,118,48.7,13.45,67.9
Bronx,Co-Op City,19,118,46.98,13.84,52.42
Queens,Kew Gardens,8,118,46.72,8.29,48.32
Bronx,Mott Haven/Port Morris,5,118,32.09,7.51,29.48
Bronx,Highbridge,16,118,36.36,9.13,59.12
Queens,Maspeth,8,118,35.22,5.96,38.14
Queens,Hammels/Arverne,20,118,51.09,15.3,59.94
Brooklyn,Brooklyn Navy Yard,4,118,44.49,5.13,16.08
Bronx,Hunts Point,13,118,35.98,9.37,49.15
Queens,Briarwood/Jamaica Hills,11,118,46.04,8.8,43.22
Queens,Forest Hills,20,118,31.33,7.81,32.09
Brooklyn,Manhattan Beach,16,117,36.77,8.82,52.44
Brooklyn,Manhattan Beach,14,117,38.64,10.27,57.52
Queens,Queens Village,17,117,42.28,12.61,54.64
Queens,Queensbridge/Ravenswood,17,117,28.82,4.85,28.12
Manhattan,Roosevelt Island,13,117,32.21,5.97,39.09
Queens,Flushing,6,117,41.17,11.55,58.65
Bronx,Belmont,13,117,37.76,9.91,58.95
Queens,Maspeth,13,117,56.66,8.91,34.99
Queens,Astoria,2,117,15.62,2.98,10.54
Brooklyn,Manhattan Beach,8,117,36.59,8.64,48.93
Brooklyn,Ocean Parkway South,9,117,29.8,6.5,42.34
Brooklyn,Prospect-Lefferts Gardens,21,117,36.1,9.59,45.63
Queens,Hammels/Arverne,19,116,53.87,16.65,71.08
Manhattan,Roosevelt Island,11,116,29.71,5.08,38.71
Manhattan,Bloomingdale,4,116,20.94,4.54,13.14
Brooklyn,Kensington,6,116,37.51,9.37,50.26
Brooklyn,Kensington,7,116,33.47,8.2,49.74
Brooklyn,Stuyvesant Heights,4,116,30.87,8.18,38.1
Bronx,Westchester Village/Unionport,14,115,37.55,10.39,61.26
Queens,Jackson Heights,23,115,35.58,7.32,19.76
Brooklyn,East Williamsburg,20,115,28.96,4.92,21.56
Bronx,Schuylerville/Edgewater Park,5,115,43.22,13.1,49.03
Bronx,Allerton/Pelham Gardens,8,115,42.42,11.84,61.51
Bronx,Hunts Point,14,115,32.38,7.47,50.25
Queens,Springfield Gardens North,15,115,43.91,12.66,66.18
Brooklyn,Bay Ridge,18,115,37.93,9.84,47.72
Brooklyn,Bath Beach,12,114,37.48,9.39,50.95
Bronx,Westchester Village/Unionport,17,114,33.99,8.8,51.18
Bronx,Williamsbridge/Olinville,18,114,42.3,12.14,56.32
Brooklyn,Homecrest,18,114,31.02,6.94,41.07
Queens,Woodside,5,114,30.23,5.57,20.05
Bronx,Soundview/Bruckner,12,114,34.75,9.47,49.15
Queens,Flushing Meadows-Corona Park,15,113,72.69,8.11,32.76
Bronx,Belmont,5,113,37.56,10.47,44.91
Brooklyn,Boerum Hill,1,113,22.4,4.34,18.47
Bronx,Crotona Park East,13,113,37.41,9.94,50.59
Brooklyn,Brooklyn Heights,0,113,20.44,4.2,16.81
Brooklyn,Midwood,17,113,28.66,6.12,43.87
Queens,Rockaway Park,8,113,50.32,14.91,75.58
Brooklyn,Manhattan Beach,10,113,43.56,11.55,54.72
Bronx,Schuylerville/Edgewater Park,12,113,38.42,10.5,52.45
Queens,Flushing Meadows-Corona Park,18,112,61.48,8.1,27.67
Bronx,Belmont,11,112,42.64,11.81,57.09
Queens,Flushing Meadows-Corona Park,21,112,73.42,9.97,21.82
Queens,Woodside,21,112,37.62,5.84,19.5
Queens,Middle Village,9,112,33.36,7.57,44.18
Brooklyn,Park Slope,6,112,43.42,12.31,54.15
Bronx,East Tremont,18,112,37.44,10.07,51.06
Bronx,Fordham South,11,112,41.16,11.6,56.79
Bronx,Allerton/Pelham Gardens,10,112,38.69,10.15,52.41
Bronx,Norwood,18,112,44.4,12.86,57.09
Queens,Rockaway Park,10,112,51.07,15.03,67.78
Queens,Rosedale,10,112,52.3,14.81,60.17
Brooklyn,Gowanus,14,112,28.0,5.66,40.04
Queens,Laurelton,15,111,47.15,13.55,60.07
Queens,Kew Gardens Hills,9,111,39.69,10.57,55.41
Brooklyn,Bensonhurst East,16,111,35.65,8.44,51.69
Brooklyn,Red Hook,13,111,38.08,7.91,43.39
Brooklyn,Prospect Heights,7,111,28.72,6.34,44.88
Manhattan,Washington Heights North,20,111,26.46,6.29,24.5
Queens,Jamaica Estates,11,111,41.36,11.87,55.85
Queens,Kew Gardens Hills,13,111,41.06,10.91,57.37
Bronx,West Farms/Bronx River,11,111,33.99,8.7,47.72
Brooklyn,Coney Island,19,111,42.85,11.97,49.88
Queens,Briarwood/Jamaica Hills,18,111,53.03,10.65,41.59
Queens,Flushing Meadows-Corona Park,20,111,64.9,8.96,20.59
Brooklyn,South Williamsburg,8,111,30.6,6.55,43.9
Bronx,Soundview/Castle Hill,18,110,37.57,10.13,48.52
Brooklyn,Bushwick South,4,110,26.69,5.48,25.05
Brooklyn,Dyker Heights,9,110,30.89,6.86,44.0
Queens,Queensbridge/Ravenswood,18,110,24.71,4.22,23.62
Queens,Howard Beach,8,110,43.26,11.24,55.04
Brooklyn,Bushwick North,1,110,24.73,4.55,19.21
Bronx,Soundview/Bruckner,6,110,38.39,10.86,50.1
Brooklyn,Cobble Hill,19,110,16.37,2.85,16.11
Queens,Woodside,23,110,40.05,4.41,13.25
Brooklyn,Brooklyn Navy Yard,3,110,41.58,5.4,16.82
Queens,Kew Gardens Hills,5,110,41.12,11.31,49.12
Bronx,Highbridge,17,109,32.53,7.65,47.72
Brooklyn,South Williamsburg,13,109,29.01,5.4,43.47
Queens,Maspeth,22,109,44.03,8.42,32.9
Queens,Saint Albans,17,109,42.97,12.68,61.25
Bronx,Soundview/Bruckner,13,109,35.04,9.3,46.74
Brooklyn,Bushwick South,0,109,24.38,5.01,23.01
Brooklyn,Dyker Heights,11,109,30.8,6.76,40.48
Queens,Elmhurst/Maspeth,15,109,51.37,5.18,23.71
Bronx,Bronxdale,14,109,42.36,12.05,66.31
Queens,Cambria Heights,9,109,51.34,15.13,65.32
Brooklyn,Windsor Terrace,8,108,30.05,6.69,43.37
Bronx,Eastchester,5,108,47.12,13.93,56.0
Bronx,Belmont,12,108,39.22,10.27,56.4
Manhattan,Marble Hill,7,108,36.39,9.62,53.55
Brooklyn,Bushwick North,7,108,31.21,7.83,50.23
Manhattan,Seaport,4,108,27.29,6.02,15.95
Brooklyn,Bushwick North,3,108,26.97,4.65,19.76
Queens,Elmhurst/Maspeth,12,108,44.37,4.78,23.14
Brooklyn,Red Hook,15,108,45.28,11.11,69.11
Brooklyn,Bensonhurst East,17,108,36.72,8.98,56.45
Bronx,Belmont,16,108,39.26,10.37,63.86
Bronx,Eastchester,16,107,49.37,14.69,77.83
Queens,Kew Gardens Hills,6,107,39.73,10.96,53.79
Queens,Steinway,0,107,47.45,6.91,15.54
Queens,Woodhaven,14,107,36.8,9.45,53.49
Queens,Old Astoria,18,107,24.87,4.44,27.34
Queens,Jackson Heights,0,107,27.92,5.8,16.96
Queens,Jamaica,0,107,49.82,9.71,23.34
Brooklyn,Manhattan Beach,12,107,41.22,10.06,46.42
Manhattan,Hamilton Heights,2,106,18.96,3.69,14.48
Bronx,Allerton/Pelham Gardens,5,106,46.66,13.58,59.7
Brooklyn,Marine Park/Mill Basin,5,106,52.47,13.12,67.62
Brooklyn,Gowanus,13,106,28.51,6.16,39.97
Queens,Kew Gardens,6,106,47.92,8.64,48.59
Queens,Maspeth,2,106,42.42,5.17,16.5
Brooklyn,Starrett City,18,105,31.54,7.68,39.74
Brooklyn,Bushwick South,23,105,29.33,7.03,31.66
Queens,Jackson Heights,3,105,25.59,3.51,13.02
Queens,Jackson Heights,1,105,24.89,5.09,14.6
Queens,Laurelton,11,105,52.28,14.42,59.95
Queens,Laurelton,17,105,45.33,12.42,75.19
Bronx,Mount Hope,18,104,35.57,9.33,49.8
Brooklyn,East New York,22,104,45.26,12.49,43.37
Queens,Cambria Heights,11,104,51.92,14.22,59.13
Queens,Hollis,7,104,47.1,14.07,81.14
Brooklyn,Borough Park,18,104,30.68,6.58,45.47
Queens,Corona,17,104,40.36,9.07,56.95
Queens,Flushing Meadows-Corona Park,14,104,67.56,7.73,27.8
Bronx,Parkchester,17,103,37.28,10.98,57.7
Brooklyn,Bensonhurst East,6,103,42.28,11.2,62.5
Manhattan,Battery Park,19,103,21.49,3.99,18.83
Brooklyn,Kensington,14,103,28.31,6.07,42.85
Queens,Baisley Park,0,103,69.83,13.0,26.7
Brooklyn,Gowanus,15,103,29.12,6.47,39.66
Bronx,Schuylerville/Edgewater Park,11,103,40.26,11.15,51.89
Brooklyn,Crown Heights South,5,103,35.95,9.34,50.36
Queens,Long Island City/Queens Plaza,2,103,18.67,3.02,10.12
Bronx,Longwood,14,103,34.94,8.81,56.4
Bronx,Highbridge,5,103,42.07,12.29,52.04
Manhattan,Bloomingdale,3,103,16.17,3.15,10.61
Brooklyn,Crown Heights North,0,103,28.33,7.06,26.31
Manhattan,Roosevelt Island,12,103,28.74,5.57,41.19
Brooklyn,Bath Beach,7,102,42.46,11.48,62.86
Queens,Murray Hill-Queens,8,102,40.96,11.71,58.74
Bronx,Pelham Parkway,13,102,41.72,11.86,63.44
Brooklyn,Carroll Gardens,6,102,15.55,3.06,14.79
Manhattan,Seaport,6,102,32.6,7.39,21.48
Brooklyn,Carroll Gardens,10,101,24.91,4.83,30.01
Queens,East Elmhurst,3,101,39.41,8.69,17.66
Brooklyn,Prospect Heights,17,101,27.9,5.69,40.11
Queens,Elmhurst/Maspeth,16,101,47.75,6.16,32.0
Brooklyn,Dyker Heights,10,101,34.75,8.45,48.45
Manhattan,Battery Park,9,101,21.97,4.02,17.69
Bronx,Van Cortlandt Village,17,101,41.82,12.02,58.34
Brooklyn,Prospect Heights,19,101,23.3,5.1,26.58
Manhattan,Inwood,6,101,35.1,9.44,41.27
Manhattan,Inwood,19,101,32.66,8.48,40.76
Queens,Elmhurst/Maspeth,7,101,37.67,5.28,30.75
Brooklyn,DUMBO/Vinegar Hill,0,100,24.46,5.2,20.88
Queens,Far Rockaway,18,100,50.52,15.84,72.13
Bronx,Van Cortlandt Village,5,100,45.7,13.64,61.49
Bronx,Pelham Parkway,5,100,39.13,11.27,49.03
Manhattan,Washington Heights North,22,100,25.72,5.98,24.47
Brooklyn,Sunset Park West,6,100,35.34,8.43,42.64
Bronx,East Concourse/Concourse Village,19,100,37.04,9.05,49.78
Bronx,Pelham Parkway,14,100,38.78,10.33,59.42
Manhattan,Roosevelt Island,6,99,37.3,8.17,44.28
Brooklyn,Williamsburg (South Side),6,99,34.0,7.57,32.11
Queens,Glendale,10,99,34.08,7.4,44.8
Brooklyn,Erasmus,18,99,31.19,7.21,46.54
Queens,Elmhurst/Maspeth,14,99,54.95,5.74,23.01
Bronx,Mount Hope,17,99,36.07,9.14,52.92
Bronx,West Farms/Bronx River,5,99,39.58,11.19,43.76
Manhattan,Washington Heights South,4,99,22.15,4.51,14.35
Queens,Elmhurst/Maspeth,11,98,49.23,5.12,20.93
Brooklyn,Flatlands,4,98,40.12,10.85,59.93
Manhattan,Roosevelt Island,14,98,35.38,7.15,50.32
Queens,Elmhurst,19,98,39.05,6.81,26.59
Brooklyn,Starrett City,20,98,52.54,14.76,59.04
Brooklyn,Windsor Terrace,9,97,30.42,6.93,45.82
Queens,Kew Gardens Hills,7,97,40.12,10.92,67.25
Queens,Jackson Heights,2,97,22.76,3.98,12.39
Queens,Rockaway Park,11,97,52.25,15.66,68.74
Queens,Kew Gardens Hills,12,97,37.26,9.94,51.14
Bronx,Westchester Village/Unionport,5,97,39.93,11.86,46.82
Queens,Springfield Gardens North,18,97,45.02,12.68,57.81
Queens,South Jamaica,22,97,62.43,12.15,32.65
Bronx,Melrose South,20,97,34.76,8.88,43.06
Manhattan,Washington Heights North,23,97,22.38,4.9,17.32
Queens,Woodhaven,15,97,33.65,8.0,46.64
Queens,Briarwood/Jamaica Hills,15,96,49.07,8.72,43.93
Bronx,Pelham Parkway,17,96,46.79,14.36,72.45
Brooklyn,Bushwick North,18,96,28.53,6.3,41.03
Manhattan,Washington Heights North,21,96,27.35,6.48,23.94
Manhattan,Roosevelt Island,16,96,35.39,6.87,44.81
Brooklyn,Marine Park/Mill Basin,18,96,34.14,7.7,41.88
Brooklyn,East Williamsburg,6,96,40.75,7.57,33.26
Bronx,Spuyten Duyvil/Kingsbridge,5,96,43.05,12.76,52.41
Brooklyn,Crown Heights South,19,96,30.4,7.38,46.03
Brooklyn,Brooklyn Navy Yard,5,96,55.58,5.12,16.29
Brooklyn,East Flatbush/Remsen Village,20,96,39.72,10.67,49.81
Queens,Middle Village,16,95,47.69,7.92,45.6
Manhattan,Inwood,20,95,28.48,6.58,29.96
Brooklyn,Homecrest,6,95,47.82,13.02,70.78
Bronx,Crotona Park East,15,95,32.43,7.9,49.13
Queens,Flushing Meadows-Corona Park,22,95,71.86,10.64,21.07
Brooklyn,Brighton Beach,6,95,49.19,13.28,72.95
Brooklyn,East Flatbush/Remsen Village,21,95,35.56,8.91,43.74
Brooklyn,Bedford,22,95,23.3,5.52,24.97
Brooklyn,Manhattan Beach,9,95,36.32,8.89,48.16
Queens,Astoria,3,95,20.74,4.0,12.68
Queens,Woodside,22,95,41.94,4.11,14.15
Bronx,Van Cortlandt Village,18,94,36.05,9.45,47.26
Bronx,Westchester Village/Unionport,12,94,35.54,9.72,46.48
Bronx,West Farms/Bronx River,14,94,35.12,10.29,54.04
Bronx,Pelham Parkway,16,94,39.56,9.99,63.87
Bronx,University Heights/Morris Heights,4,93,41.84,11.86,48.35
Brooklyn,Fort Greene,2,93,21.09,4.17,15.46
Queens,Cambria Heights,10,93,49.38,13.29,53.53
Brooklyn,Ocean Parkway South,11,93,30.72,6.83,45.1
Bronx,Van Nest/Morris Park,18,93,42.34,12.24,52.3
Queens,Elmhurst,20,93,42.38,6.58,25.34
Brooklyn,Erasmus,20,93,35.29,8.98,48.18
Queens,Flushing,18,93,37.35,10.05,47.07
Bronx,Bronxdale,15,93,40.57,11.06,61.14
Bronx,Mount Hope,5,93,38.6,11.5,48.52
Bronx,Bronxdale,21,93,44.4,13.53,48.96
Queens,Rockaway Park,12,93,48.85,13.58,59.32
Queens,Far Rockaway,19,92,51.06,16.38,67.18
Queens,Elmhurst/Maspeth,9,92,39.91,5.8,28.94
Brooklyn,Bath Beach,14,92,39.47,10.09,53.65
Brooklyn,Greenpoint,3,92,21.7,4.35,16.46
Brooklyn,East Flatbush/Remsen Village,4,92,35.16,8.81,49.68
Bronx,West Farms/Bronx River,13,92,37.29,10.31,56.71
Queens,Woodhaven,5,92,38.43,11.04,48.89
Brooklyn,Borough Park,19,92,34.87,9.08,44.44
Brooklyn,Sunset Park West,19,92,35.55,8.85,42.38
Queens,Flushing Meadows-Corona Park,13,92,76.86,8.34,24.98
Queens,Hollis,8,92,45.78,13.46,72.41
Bronx,Morrisania/Melrose,18,91,32.58,8.22,44.39
Bronx,Eastchester,17,91,45.97,13.53,66.98
Queens,Murray Hill-Queens,9,91,37.54,10.03,53.38
Queens,Jamaica Estates,12,91,41.47,11.67,52.89
Brooklyn,Boerum Hill,2,91,23.08,4.29,16.6
Brooklyn,Greenpoint,5,91,25.05,4.92,23.92
Queens,Jackson Heights,22,91,34.46,7.47,22.21
Queens,Maspeth,0,91,35.8,4.92,15.66
Brooklyn,Flatlands,19,91,35.81,8.69,45.35
Brooklyn,Starrett City,19,90,37.57,9.25,44.25
Brooklyn,Flatbush/Ditmas Park,21,90,37.88,9.68,43.8
Queens,Woodside,0,90,34.87,4.6,14.93
Queens,Jamaica,1,90,44.17,8.73,22.95
Brooklyn,Gravesend,16,90,41.53,10.1,60.62
Queens,Kew Gardens Hills,11,90,37.66,9.59,51.72
Bronx,Riverdale/North Riverdale/Fieldston,14,90,39.4,11.37,43.94
Queens,Forest Hills,5,90,34.22,7.77,36.96
Brooklyn,Bay Ridge,19,90,36.32,9.71,40.75
Bronx,Eastchester,15,90,41.62,11.85,63.85
Queens,Kew Gardens Hills,15,90,41.05,11.7,61.39
Queens,Flushing Meadows-Corona Park,12,90,69.92,8.04,28.73
Bronx,Van Cortlandt Village,16,90,39.93,11.66,59.56
Brooklyn,Bushwick South,20,90,29.68,7.12,33.61
Bronx,Allerton/Pelham Gardens,12,90,42.01,11.84,55.02
Queens,Elmhurst/Maspeth,17,90,51.1,5.93,26.53
Queens,Bellerose,16,89,45.2,13.59,55.25
Brooklyn,Williamsburg (North Side),12,89,24.18,4.28,25.72
Brooklyn,Starrett City,4,89,48.41,13.84,55.0
Bronx,Melrose South,19,89,30.46,7.07,38.87
Brooklyn,Prospect Heights,18,89,24.45,5.57,31.9
Bronx,East Tremont,19,89,37.31,10.34,43.93
Bronx,Belmont,15,89,42.75,12.59,84.42
Queens,Howard Beach,10,89,44.5,9.99,47.98
Bronx,Westchester Village/Unionport,13,89,33.88,8.97,50.77
Bronx,Pelham Parkway,15,89,38.18,9.45,60.51
Bronx,Westchester Village/Unionport,18,89,36.41,10.25,48.54
Queens,Ridgewood,16,88,29.25,6.36,48.5
Bronx,Kingsbridge Heights,17,88,40.34,11.04,64.82
Queens,Queens Village,23,88,45.68,13.59,38.4
Brooklyn,Coney Island,20,88,53.29,16.13,56.81
Bronx,Soundview/Castle Hill,19,88,34.99,8.82,43.31
Queens,Glendale,9,88,32.91,7.66,49.06
Brooklyn,Red Hook,16,88,41.1,9.26,47.97
Brooklyn,Stuyvesant Heights,21,88,31.81,7.8,36.06
Queens,Maspeth,1,88,33.8,4.95,16.52
Queens,Richmond Hill,19,88,61.65,6.33,23.63
Bronx,Woodlawn/Wakefield,17,88,43.11,12.93,58.44
Bronx,Woodlawn/Wakefield,13,87,43.59,12.35,55.79
Queens,Springfield Gardens South,0,87,87.86,18.42,27.02
Bronx,Eastchester,14,87,42.61,11.95,63.83
Queens,Howard Beach,11,87,34.93,7.91,39.34
Queens,Elmhurst/Maspeth,8,87,44.17,6.16,30.31
Queens,Middle Village,11,87,36.74,7.87,45.47
Manhattan,Manhattanville,1,87,18.08,3.77,12.87
Brooklyn,Boerum Hill,5,87,35.8,8.25,36.54
Queens,Old Astoria,19,87,24.07,4.57,21.88
Brooklyn,Brownsville,4,87,42.07,12.16,48.88
Manhattan,Hamilton Heights,3,87,20.34,4.36,13.17
Queens,Kew Gardens Hills,10,87,36.81,9.61,49.97
Queens,Ozone Park,7,87,36.19,9.34,55.42
Brooklyn,Bedford,23,87,22.41,4.8,20.7
Brooklyn,Bushwick North,2,86,25.08,5.01,18.56
Queens,Flushing Meadows-Corona Park,7,86,75.08,9.95,28.15
Brooklyn,Bushwick North,19,86,32.39,7.36,37.19
Brooklyn,Madison,16,86,29.74,6.72,48.05
Brooklyn,Red Hook,14,86,35.27,7.42,44.31
Bronx,Eastchester,13,86,45.86,13.38,61.15
Brooklyn,Prospect Heights,23,86,21.25,3.95,18.74
Bronx,Mott Haven/Port Morris,4,85,33.76,8.71,28.13
Brooklyn,Canarsie,21,85,38.44,10.36,47.28
Brooklyn,Flatlands,21,85,40.21,10.88,55.03
Bronx,Hunts Point,19,85,35.08,9.0,44.6
Brooklyn,Windsor Terrace,11,85,32.61,7.51,45.1
Bronx,Eastchester,4,85,51.44,16.5,58.52
Brooklyn,Sunset Park East,6,85,42.92,10.97,57.96
Queens,Maspeth,21,85,49.1,7.62,30.35
Queens,Rockaway Park,9,85,49.69,14.48,63.5
Queens,Flushing Meadows-Corona Park,23,85,67.04,9.52,19.37
Queens,Rockaway Park,7,85,55.84,18.14,90.64
Brooklyn,Midwood,18,85,31.61,7.58,41.66
Manhattan,Roosevelt Island,17,85,39.98,8.02,49.44
Queens,Ozone Park,9,85,39.44,9.4,44.56
Bronx,Bedford Park,17,85,39.69,10.86,57.03
Bronx,West Farms/Bronx River,16,85,38.79,9.98,65.45
Brooklyn,Clinton Hill,22,85,23.21,4.61,22.06
Brooklyn,Bath Beach,10,84,38.25,8.91,44.57
Brooklyn,Greenpoint,7,84,28.27,5.45,33.82
Manhattan,Roosevelt Island,18,84,34.25,7.96,44.93
Bronx,Fordham South,14,84,33.17,7.8,51.2
Queens,Glendale,8,84,39.3,9.9,60.21
Manhattan,Chinatown,4,84,26.99,5.59,18.59
Brooklyn,Windsor Terrace,5,84,44.73,12.86,52.88
Queens,Cambria Heights,17,84,46.55,13.66,64.46
Queens,Elmhurst,23,84,44.48,5.44,15.37
Brooklyn,Prospect Heights,20,84,24.72,5.1,26.48
Bronx,Schuylerville/Edgewater Park,13,84,37.96,10.16,47.05
Brooklyn,Flatlands,22,84,38.34,10.81,46.44
Brooklyn,Dyker Heights,12,84,32.45,8.27,39.45
Queens,Long Island City/Queens Plaza,3,84,31.35,3.99,12.23
Queens,Elmhurst,22,83,53.28,6.36,18.04
Bronx,Allerton/Pelham Gardens,11,83,41.78,11.81,53.88
Brooklyn,East New York/Pennsylvania Avenue,4,83,47.64,12.25,56.39
Queens,Old Astoria,5,83,26.42,5.92,28.38
Queens,Woodhaven,16,83,35.02,7.79,46.77
Bronx,Fordham South,13,83,36.9,9.65,57.82
Queens,Flushing Meadows-Corona Park,19,83,71.11,9.52,25.51
Brooklyn,Dyker Heights,7,83,33.19,7.47,50.46
Bronx,Riverdale/North Riverdale/Fieldston,15,83,48.6,13.44,58.6
Bronx,Van Cortlandt Village,19,83,32.77,7.6,38.35
Bronx,Longwood,15,83,35.06,9.01,59.52
Queens,Elmhurst/Maspeth,18,83,51.71,7.36,28.9
Brooklyn,Carroll Gardens,13,83,24.37,4.74,32.41
Brooklyn,South Williamsburg,11,83,30.47,6.57,43.84
Manhattan,Washington Heights South,2,82,18.6,3.6,11.58
Queens,Woodside,4,82,30.45,4.85,14.25
Brooklyn,Prospect Heights,22,82,25.25,4.22,21.18
Brooklyn,Crown Heights North,3,82,34.24,8.31,34.24
Brooklyn,Cypress Hills,5,82,41.6,10.36,52.09
Brooklyn,Carroll Gardens,12,82,25.98,4.79,32.9
Manhattan,Washington Heights South,3,82,20.04,4.0,12.02
Brooklyn,Carroll Gardens,17,82,19.14,3.36,24.73
Queens,Springfield Gardens South,4,82,61.91,15.41,45.03
Queens,Howard Beach,15,82,45.68,8.49,40.93
Queens,Howard Beach,12,82,34.64,8.26,40.59
Queens,Middle Village,15,82,49.12,7.67,45.34
Queens,Glendale,12,82,29.79,6.47,36.68
Queens,North Corona,11,82,35.61,8.97,47.08
Brooklyn,Bensonhurst West,18,82,35.85,9.53,46.37
Queens,Old Astoria,23,82,23.31,5.07,20.01
Queens,Howard Beach,14,82,41.76,6.34,30.97
Queens,Hollis,11,81,44.38,12.93,56.23
Queens,Rosedale,12,81,53.7,15.71,68.02
Queens,Middle Village,6,81,35.74,9.29,46.52
Brooklyn,Williamsburg (North Side),10,81,24.99,4.58,28.91
Queens,Forest Hills,22,81,38.21,6.87,24.05
Queens,Bay Terrace/Fort Totten,12,81,21.36,4.82,21.12
Brooklyn,Bushwick South,22,81,27.97,5.23,28.11
Brooklyn,Carroll Gardens,18,81,20.72,3.69,23.97
Brooklyn,Bushwick South,1,81,22.75,4.63,20.0
Brooklyn,Bushwick North,4,81,24.29,4.59,21.86
Bronx,Norwood,5,81,46.11,14.52,56.54
Brooklyn,Dyker Heights,8,81,30.06,7.15,44.61
Brooklyn,Marine Park/Mill Basin,19,81,33.0,7.56,39.42
Brooklyn,Homecrest,5,81,45.0,11.88,58.59
Brooklyn,Greenpoint,4,81,21.57,4.03,15.6
Brooklyn,Cobble Hill,20,81,19.11,3.7,15.7
Queens,Maspeth,23,80,48.06,5.99,20.49
Brooklyn,Fort Greene,4,80,36.4,5.73,19.71
Brooklyn,Flatbush/Ditmas Park,22,80,37.34,9.45,41.9
Brooklyn,Windsor Terrace,12,80,32.51,7.77,44.61
Brooklyn,Ocean Parkway South,16,80,32.42,7.19,51.22
Brooklyn,Bushwick North,0,80,24.93,4.68,20.21
Brooklyn,Bushwick South,21,80,27.79,6.45,31.19
Queens,Howard Beach,13,80,37.23,6.69,36.33
Manhattan,Financial District South,5,80,30.75,7.38,18.41
Queens,Old Astoria,21,80,22.95,5.73,22.17
Queens,Glendale,6,80,36.92,9.71,44.01
Bronx,Williamsbridge/Olinville,4,80,44.27,13.68,50.24
Bronx,Pelham Bay,8,79,40.82,11.41,60.16
Bronx,Spuyten Duyvil/Kingsbridge,21,79,33.39,8.15,33.27
Queens,Flushing,5,79,37.84,11.21,49.52
Brooklyn,Windsor Terrace,10,79,32.16,7.38,50.37
Queens,Springfield Gardens North,21,79,48.14,14.59,54.19
Queens,Rosedale,14,79,52.11,15.44,80.04
Bronx,Hunts Point,16,79,31.69,7.37,50.21
Manhattan,Manhattanville,5,79,22.51,4.95,18.59
Queens,Elmhurst/Maspeth,10,79,45.11,5.29,26.07
Queens,Queensbridge/Ravenswood,5,79,35.02,9.08,46.62
Bronx,West Concourse,21,79,43.87,10.49,40.75
Brooklyn,Bay Ridge,4,79,46.11,13.73,39.98
Brooklyn,Greenpoint,6,79,30.52,6.89,35.91
Brooklyn,Dyker Heights,5,79,37.12,9.92,45.14
Brooklyn,Dyker Heights,13,79,28.91,5.94,35.9
Bronx,Claremont/Bathgate,18,79,38.94,10.7,50.03
Brooklyn,Brooklyn Heights,6,79,31.81,7.37,27.76
Queens,Kew Gardens,19,79,64.16,6.81,24.0
Brooklyn,Windsor Terrace,13,78,29.49,6.34,41.04
Brooklyn,Ocean Parkway South,8,78,31.85,7.81,53.18
Bronx,Longwood,17,78,31.4,7.99,51.76
Bronx,West Concourse,5,78,37.01,9.65,44.9
Brooklyn,Dyker Heights,15,78,38.31,9.61,61.52
Brooklyn,Kensington,15,78,27.22,5.61,40.17
Queens,Rosedale,11,78,53.94,15.63,66.98
Brooklyn,Bath Beach,8,78,42.25,9.69,57.83
Queens,Jackson Heights,21,78,29.49,6.38,18.78
Bronx,Eastchester,22,77,40.57,11.77,44.06
Queens,Middle Village,13,77,47.98,8.3,36.62
Queens,Middle Village,12,77,37.8,7.8,41.33
Brooklyn,Stuyvesant Heights,22,77,30.28,7.32,33.24
Queens,Springfield Gardens North,17,77,40.98,12.07,60.68
Brooklyn,Manhattan Beach,11,77,37.05,8.87,48.21
Brooklyn,Bath Beach,11,77,36.62,8.77,46.05
Queens,Ridgewood,17,77,29.03,6.97,43.59
Brooklyn,South Williamsburg,12,77,27.85,5.19,37.25
Queens,Corona,18,77,37.8,9.76,45.71
Bronx,Crotona Park East,17,77,42.25,12.21,62.55
Bronx,Riverdale/North Riverdale/Fieldston,6,77,42.93,12.56,54.82
Bronx,West Concourse,19,77,30.96,7.6,35.27
Queens,South Jamaica,0,77,63.55,12.27,29.31
Brooklyn,East New York,23,77,41.21,10.42,36.29
Brooklyn,Midwood,5,76,42.76,12.05,56.95
Queens,Murray Hill-Queens,11,76,42.71,11.88,59.23
Queens,Rosedale,18,76,55.48,15.12,58.37
Queens,Ridgewood,18,76,33.18,7.35,42.33
Queens,Hollis,5,76,46.53,13.19,52.58
Manhattan,Marble Hill,8,76,36.32,9.4,53.59
Queens,Queens Village,18,76,41.53,12.18,48.62
Bronx,Crotona Park East,14,76,33.68,8.82,52.72
Brooklyn,Carroll Gardens,11,76,21.74,3.87,23.9
Queens,Laurelton,13,76,40.84,10.82,53.02
Bronx,Mott Haven/Port Morris,20,76,29.46,7.09,28.59
Bronx,Crotona Park East,16,76,35.59,9.33,57.9
Brooklyn,Bushwick South,3,76,22.03,4.19,17.06
Bronx,Soundview/Bruckner,15,75,34.29,9.39,53.74
Queens,Howard Beach,17,75,40.84,7.22,37.7
Brooklyn,Clinton Hill,23,75,21.61,4.13,18.64
Brooklyn,Manhattan Beach,17,75,37.87,9.13,52.85
Queens,Rockaway Park,13,75,53.65,14.86,75.02
Queens,Bellerose,9,75,47.96,14.14,55.76
Queens,Howard Beach,16,75,47.3,7.26,36.93
Brooklyn,Coney Island,21,75,48.61,15.14,55.75
Brooklyn,East Flatbush/Farragut,19,75,32.64,7.59,45.86
Brooklyn,Ocean Parkway South,10,75,31.05,6.92,45.4
Brooklyn,Carroll Gardens,19,75,18.63,3.92,20.12
Bronx,Soundview/Castle Hill,21,75,34.59,8.39,36.43
Bronx,Riverdale/North Riverdale/Fieldston,16,75,39.67,11.35,51.02
Queens,Glen Oaks,6,75,51.55,16.1,59.83
Bronx,Allerton/Pelham Gardens,14,75,39.1,10.61,57.2
Brooklyn,South Williamsburg,14,75,26.42,5.02,40.75
Brooklyn,Williamsburg (North Side),11,74,23.14,4.32,26.4
Bronx,Van Nest/Morris Park,5,74,40.91,13.37,46.49
Queens,South Ozone Park,0,74,44.73,9.49,25.41
Queens,Maspeth,11,74,48.63,6.73,34.89
Queens,Rego Park,19,74,39.74,7.36,32.04
Bronx,West Farms/Bronx River,15,74,39.55,10.26,62.23
Queens,Saint Albans,4,74,46.84,13.13,49.26
Bronx,Fordham South,12,74,34.03,8.42,49.05
Brooklyn,Cypress Hills,17,74,31.22,7.23,41.18
Bronx,Schuylerville/Edgewater Park,15,74,35.15,9.63,50.88
Queens,Middle Village,7,74,34.22,7.59,48.48
Queens,Woodhaven,17,74,38.89,8.77,42.75
Brooklyn,Cobble Hill,22,74,22.83,5.21,24.22
Bronx,Hunts Point,5,73,38.19,10.57,48.37
Brooklyn,Carroll Gardens,16,73,21.68,4.19,24.04
Queens,Jamaica Estates,14,73,36.25,9.92,53.38
Bronx,Mott Haven/Port Morris,23,73,26.62,5.63,18.94
Bronx,Williamsbridge/Olinville,20,73,42.67,13.19,47.96
Queens,Howard Beach,5,73,49.79,13.18,59.87
Queens,Bellerose,14,73,47.45,13.71,58.21
Brooklyn,Kensington,17,73,30.14,6.29,44.43
Queens,Bayside,15,73,46.88,12.64,75.86
Brooklyn,Sunset Park East,17,73,34.6,8.11,56.92
Bronx,Bronxdale,18,73,45.1,13.09,58.7
Queens,Maspeth,12,73,59.11,7.79,30.61
Brooklyn,Windsor Terrace,14,73,33.07,7.75,47.52
Brooklyn,South Williamsburg,6,73,35.7,8.37,41.97
Brooklyn,Sunset Park East,5,73,45.9,12.31,49.84
Queens,Bayside,14,72,44.48,11.75,50.38
Brooklyn,Gravesend,17,72,52.44,12.98,68.66
Brooklyn,Cobble Hill,21,72,17.11,3.12,15.0
Queens,Forest Hills,21,72,28.75,6.65,24.7
Bronx,Woodlawn/Wakefield,14,72,47.95,13.89,74.6
Brooklyn,Flatlands,20,72,38.15,9.89,47.98
Bronx,Soundview/Castle Hill,4,72,40.84,11.09,42.81
Manhattan,Battery Park,21,72,26.05,5.37,19.98
Manhattan,Roosevelt Island,22,72,40.57,10.56,45.55
Queens,Flushing Meadows-Corona Park,8,72,71.91,8.74,28.55
Queens,Briarwood/Jamaica Hills,19,72,60.59,9.45,31.47
Queens,Flushing,19,72,42.1,10.86,41.48
Queens,Laurelton,14,72,46.11,12.41,55.22
Queens,Maspeth,20,72,57.07,7.47,26.33
Queens,Woodside,1,72,27.58,3.6,11.39
Queens,Elmhurst,21,71,48.19,5.95,20.16
Brooklyn,Ocean Parkway South,12,71,31.92,7.15,45.98
Queens,East Elmhurst,5,71,41.24,7.66,26.01
Queens,College Point,14,71,35.94,8.87,44.14
Brooklyn,Bath Beach,6,71,42.5,11.56,52.1
Bronx,Williamsbridge/Olinville,19,71,40.29,11.35,48.08
Queens,Richmond Hill,4,71,49.6,9.58,31.0
Queens,Middle Village,14,71,50.39,7.92,42.23
Queens,Saint Albans,21,71,52.96,15.53,52.96
Queens,Bellerose,8,71,48.99,15.47,71.29
Brooklyn,Bath Beach,13,71,35.22,9.47,44.18
Brooklyn,Bensonhurst West,16,71,30.53,6.93,47.03
Queens,Maspeth,17,71,67.81,8.56,33.28
Queens,Oakland Gardens,6,71,42.65,12.72,63.3
Brooklyn,Brighton Beach,18,71,37.65,10.5,45.52
Bronx,Kingsbridge Heights,6,71,37.97,9.69,50.37
Queens,Rego Park,6,71,40.79,8.33,40.46
Brooklyn,Downtown Brooklyn/MetroTech,2,71,19.0,3.5,12.99
Queens,Laurelton,12,71,49.18,13.41,61.73
Brooklyn,Clinton Hill,0,71,21.64,3.55,18.4
Brooklyn,Bensonhurst East,5,70,47.64,14.08,58.75
Bronx,Bedford Park,18,70,41.72,12.24,58.29
Brooklyn,Ocean Parkway South,13,70,27.64,5.53,39.45
Bronx,Kingsbridge Heights,18,70,44.35,13.36,57.61
Brooklyn,Ocean Parkway South,6,70,39.21,10.81,67.81
Brooklyn,Gowanus,12,70,29.14,6.2,40.81
Bronx,Morrisania/Melrose,19,70,35.5,8.83,47.76
Queens,Elmhurst,5,70,33.78,6.42,27.57
Brooklyn,Gowanus,16,70,29.52,5.65,39.33
Brooklyn,Red Hook,17,70,38.66,8.79,46.37
Manhattan,Washington Heights North,5,70,44.82,13.01,51.2
Queens,Hillcrest/Pomonok,18,70,35.61,9.44,44.53
Brooklyn,Fort Greene,3,70,27.87,4.47,15.14
Brooklyn,Bay Ridge,5,69,35.26,9.22,45.62
Queens,Old Astoria,20,69,22.29,5.23,22.58
Brooklyn,Bensonhurst West,17,69,33.23,8.22,52.47
Bronx,Parkchester,21,69,41.04,12.17,47.66
Brooklyn,Bushwick North,23,68,28.61,5.88,24.71
Bronx,Mott Haven/Port Morris,21,68,32.96,7.7,29.39
Brooklyn,Cypress Hills,18,68,34.89,8.19,46.95
Bronx,Van Cortlandt Village,22,68,42.86,12.04,50.2
Queens,Flushing Meadows-Corona Park,11,68,68.56,7.27,24.6
Brooklyn,Ocean Hill,21,68,39.4,10.59,46.21
Brooklyn,Crown Heights South,20,68,33.67,9.01,45.11
Queens,Flushing Meadows-Corona Park,6,68,67.2,7.43,23.43
Bronx,Van Cortlandt Park,7,68,40.64,11.36,62.33
Brooklyn,Prospect Heights,6,68,34.38,9.56,44.09
Bronx,Allerton/Pelham Gardens,15,68,46.17,13.26,65.76
Manhattan,Randalls Island,16,68,55.97,7.35,32.8
Brooklyn,South Williamsburg,18,68,21.32,3.98,27.21
Bronx,Woodlawn/Wakefield,15,68,45.34,13.64,72.14
Bronx,Fordham South,15,68,34.72,8.36,55.21
Queens,Oakland Gardens,8,68,45.46,14.5,73.08
Queens,Saint Michaels Cemetery/Woodside,14,68,60.67,6.32,29.3
Queens,Murray Hill-Queens,12,68,40.98,11.05,53.98
Queens,Rockaway Park,15,68,45.21,12.26,66.04
Manhattan,Battery Park City,2,68,24.05,4.71,15.21
Queens,Glendale,13,68,33.62,6.39,39.73
Bronx,Williamsbridge/Olinville,22,68,45.0,13.01,49.39
Brooklyn,Ocean Hill,22,68,42.69,12.19,46.97
Brooklyn,Red Hook,20,67,32.8,7.21,33.47
Brooklyn,East Williamsburg,5,67,37.29,5.92,20.24
Queens,Cambria Heights,16,67,48.4,13.94,67.12
Bronx,Soundview/Bruckner,14,67,36.12,9.88,56.23
Brooklyn,Williamsburg (North Side),9,67,23.95,4.35,29.25
Bronx,West Farms/Bronx River,17,67,37.07,9.4,53.84
Brooklyn,Sunset Park West,20,67,36.35,8.52,35.45
Brooklyn,Dyker Heights,17,67,43.24,9.97,51.25
Queens,Springfield Gardens North,19,67,44.57,13.28,54.23
Brooklyn,Ocean Parkway South,7,66,33.39,7.94,55.55
Bronx,University Heights/Morris Heights,19,66,33.85,8.31,38.1
Brooklyn,Ocean Hill,20,66,37.25,10.12,43.51
Queens,Springfield Gardens South,3,66,58.57,15.17,43.9
Queens,Hillcrest/Pomonok,21,66,38.97,11.67,45.07
Queens,Old Astoria,0,66,17.29,3.23,12.92
Bronx,Parkchester,19,66,40.07,11.84,47.23
Queens,Saint Michaels Cemetery/Woodside,16,66,60.59,6.12,32.08
Brooklyn,Carroll Gardens,15,66,25.9,5.71,36.08
Bronx,Pelham Bay,9,66,39.65,10.81,56.5
Brooklyn,Sheepshead Bay,4,66,57.91,15.63,60.53
Queens,East Elmhurst,4,66,46.69,10.38,24.28
Manhattan,Seaport,5,66,41.53,9.58,20.96
Brooklyn,Brownsville,22,66,34.5,8.87,40.04
Queens,Old Astoria,22,65,24.44,4.9,19.44
Queens,Flushing,20,65,36.75,8.41,33.82
Queens,Elmhurst/Maspeth,19,65,39.75,9.03,30.01
Queens,Bellerose,6,65,49.2,15.35,69.53
Bronx,Parkchester,20,65,37.26,10.31,44.44
Queens,Ozone Park,12,65,47.04,10.24,50.55
Queens,Glendale,11,65,31.41,6.87,43.11
Brooklyn,Borough Park,6,65,40.21,11.27,61.35
Queens,Jamaica Estates,15,65,38.56,9.99,53.96
Brooklyn,Brooklyn Navy Yard,2,65,31.77,5.29,19.09
Queens,Cambria Heights,12,65,58.37,16.2,65.07
Bronx,Belmont,14,65,36.42,8.93,55.6
Queens,Cambria Heights,18,65,46.97,14.38,52.58
Brooklyn,South Williamsburg,17,65,27.72,5.35,34.05
Bronx,West Farms/Bronx River,21,65,38.08,11.08,39.99
Brooklyn,Red Hook,18,65,34.96,6.75,34.11
Queens,Hammels/Arverne,21,65,47.89,14.55,56.0
Queens,Corona,22,65,42.77,8.97,40.16
Bronx,Schuylerville/Edgewater Park,14,65,38.57,10.34,54.47
Brooklyn,Stuyvesant Heights,3,65,27.21,6.35,30.67
Bronx,Schuylerville/Edgewater Park,16,64,41.34,11.26,53.46
Queens,Queensbridge/Ravenswood,19,64,26.65,5.82,28.23
Bronx,Co-Op City,21,64,48.14,15.04,56.05
Queens,Maspeth,18,64,63.73,9.47,35.53
Bronx,Soundview/Bruckner,16,64,35.32,9.27,51.98
Queens,North Corona,8,64,35.98,9.13,51.02
Brooklyn,Williamsburg (South Side),5,64,37.19,9.42,34.57
Queens,North Corona,7,64,36.45,9.19,52.4
Queens,Bayside,7,64,48.73,14.41,72.2
Manhattan,Marble Hill,14,64,34.67,9.01,49.12
Bronx,Soundview/Bruckner,4,64,41.15,12.76,45.49
Bronx,Allerton/Pelham Gardens,17,64,42.12,12.29,60.51
Bronx,Co-Op City,20,64,44.8,13.42,48.46
Queens,Flushing Meadows-Corona Park,9,64,61.9,8.27,31.61
Brooklyn,Carroll Gardens,14,64,25.5,4.62,31.3
Brooklyn,Flatbush/Ditmas Park,3,63,37.38,9.84,43.14
Queens,Saint Michaels Cemetery/Woodside,15,63,61.97,6.25,31.32
Queens,Glendale,14,63,34.25,6.08,42.7
Bronx,Schuylerville/Edgewater Park,19,63,35.58,9.61,41.17
Bronx,East Tremont,4,63,53.46,17.58,58.65
Queens,Cambria Heights,13,63,48.92,13.16,56.93
Bronx,Morrisania/Melrose,4,63,39.3,10.96,43.39
Bronx,Mount Hope,20,63,41.41,11.73,54.31
Brooklyn,Madison,17,63,31.61,7.22,51.4
Brooklyn,Boerum Hill,3,63,30.21,5.98,19.7
Brooklyn,Prospect Heights,0,63,20.21,3.8,17.34
Queens,Saint Albans,20,62,47.08,14.68,57.22
Manhattan,Washington Heights North,0,62,20.67,3.4,11.67
Brooklyn,South Williamsburg,16,62,27.05,6.18,38.53
Brooklyn,Coney Island,4,62,41.08,10.7,42.58
Queens,Richmond Hill,20,62,47.0,7.13,26.83
Queens,Rego Park,5,62,38.48,7.76,30.24
Bronx,Hunts Point,17,62,38.53,9.51,55.65
Brooklyn,Carroll Gardens,22,62,22.86,4.01,16.41
Queens,College Point,9,62,38.33,10.73,40.92
Bronx,Bedford Park,19,62,41.29,12.02,48.15
Brooklyn,Park Slope,2,62,18.87,3.49,14.44
Brooklyn,Erasmus,4,62,35.91,9.45,47.21
Queens,Ozone Park,11,62,40.48,8.84,45.12
Brooklyn,Windsor Terrace,6,62,34.44,9.08,46.4
Bronx,Eastchester,18,62,42.19,12.38,53.3
Queens,Ozone Park,14,61,43.41,6.38,37.12
Queens,Steinway,1,61,38.19,5.27,12.9
Bronx,Soundview/Castle Hill,20,61,38.6,10.93,44.51
Queens,Hollis,10,61,45.43,13.24,63.37
Queens,Springfield Gardens North,20,61,45.32,12.91,54.26
Manhattan,Manhattanville,2,61,14.19,2.67,10.3
Queens,Glen Oaks,16,61,44.12,13.15,55.77
Brooklyn,Gowanus,8,61,34.92,8.43,50.29
Queens,Cambria Heights,14,61,49.08,14.16,68.26
Manhattan,Marble Hill,10,61,32.8,7.71,39.85
Brooklyn,Bath Beach,15,61,36.51,9.44,50.62
Bronx,Soundview/Bruckner,18,60,37.09,10.31,46.73
Queens,Kew Gardens Hills,17,60,40.54,10.24,55.94
Brooklyn,Bushwick North,6,60,31.13,7.27,42.62
Queens,Glendale,15,60,35.15,7.09,43.15
Queens,North Corona,12,60,38.64,10.08,50.34
Queens,Hollis,4,60,47.85,14.99,54.97
Queens,Hillcrest/Pomonok,19,60,35.22,8.93,40.23
Bronx,Williamsbridge/Olinville,21,60,40.29,11.3,47.9
Bronx,West Concourse,23,60,53.09,9.86,26.94
Queens,Elmhurst/Maspeth,6,60,37.66,5.12,21.26
Bronx,Eastchester,21,60,49.87,15.6,62.95
Queens,Ozone Park,6,60,35.29,9.41,56.69
Brooklyn,Downtown Brooklyn/MetroTech,4,60,34.3,8.59,27.8
Brooklyn,Sunset Park West,23,60,48.6,13.67,48.73
Bronx,Morrisania/Melrose,20,60,33.81,8.63,42.69
Brooklyn,Red Hook,21,60,42.75,10.18,34.93
Brooklyn,Red Hook,19,60,33.25,6.93,33.93
Queens,Briarwood/Jamaica Hills,20,59,57.2,9.48,27.36
Queens,Baisley Park,4,59,51.5,13.63,37.42
Queens,Old Astoria,1,59,19.69,3.63,13.49
Manhattan,Randalls Island,15,59,52.63,7.28,32.39
Queens,Rockaway Park,14,59,45.72,12.75,64.77
Bronx,Crotona Park East,21,59,45.58,13.07,48.52
Queens,Baisley Park,1,59,66.69,12.29,21.86
Queens,Whitestone,12,59,39.53,10.72,53.87
Brooklyn,East Flatbush/Farragut,20,59,39.93,10.85,54.2
Queens,Bellerose,15,59,43.24,13.07,63.04
Bronx,West Concourse,20,59,33.49,7.49,34.34
Bronx,West Farms/Bronx River,4,59,36.79,10.63,35.6
Queens,Flushing Meadows-Corona Park,0,59,69.87,9.62,17.24
Brooklyn,Dyker Heights,14,59,33.43,7.77,44.37
Bronx,Kingsbridge Heights,5,59,42.87,11.9,50.6
Bronx,East Concourse/Concourse Village,20,59,31.37,7.55,33.85
Queens,Ozone Park,10,59,37.36,8.81,47.8
Manhattan,Chinatown,5,58,33.16,7.54,23.47
Brooklyn,East New York/Pennsylvania Avenue,19,58,34.97,9.04,39.9
Bronx,Schuylerville/Edgewater Park,20,58,31.64,7.66,31.93
Bronx,Riverdale/North Riverdale/Fieldston,18,58,31.49,7.87,33.28
Manhattan,Marble Hill,11,58,33.03,8.4,41.84
Manhattan,Inwood,22,58,25.44,5.74,20.63
Queens,North Corona,10,58,37.33,9.6,47.92
Brooklyn,East New York,3,58,48.77,12.77,43.07
Bronx,Pelham Bay,12,58,41.97,11.57,55.79
Bronx,Longwood,5,58,42.17,12.14,47.5
Queens,Jamaica Estates,17,58,38.39,10.46,52.93
Brooklyn,DUMBO/Vinegar Hill,6,58,27.96,5.49,29.92
Queens,Hollis,13,57,43.13,12.68,59.12
Queens,Fresh Meadows,11,57,36.26,9.54,48.2
Queens,Saint Michaels Cemetery/Woodside,10,57,46.84,8.24,32.66
Bronx,West Concourse,22,57,45.32,9.2,30.03
Bronx,East Tremont,20,57,39.19,11.34,48.09
Brooklyn,Windsor Terrace,15,57,30.5,6.9,50.6
Queens,Kew Gardens Hills,16,57,37.09,9.42,56.0
Brooklyn,Kensington,16,57,27.44,5.74,46.5
Queens,Rockaway Park,5,57,52.46,16.55,67.32
Brooklyn,Brighton Beach,19,57,40.27,10.19,43.03
Queens,Kew Gardens Hills,14,57,39.79,10.22,54.41
Brooklyn,Williamsburg (North Side),8,57,28.68,6.0,31.44
Queens,Elmhurst,0,57,33.54,3.74,12.7
Queens,Steinway,5,57,42.71,5.35,19.52
Bronx,Parkchester,22,57,40.09,11.8,45.31
Queens,Whitestone,5,57,45.67,13.42,47.22
Bronx,Mount Hope,19,57,35.94,9.32,41.54
Queens,Bayside,16,57,45.06,12.37,67.56
Queens,Maspeth,19,57,51.55,7.15,27.61
Bronx,Pelham Bay,10,57,40.3,12.09,52.53
Queens,Queensbridge/Ravenswood,20,57,23.83,4.5,23.21
Manhattan,Marble Hill,9,56,33.92,9.53,46.57
Queens,Far Rockaway,20,56,53.18,16.21,59.38
Manhattan,Inwood Hill Park,15,56,49.47,14.12,72.64
Brooklyn,Stuyvesant Heights,0,56,26.42,5.94,22.41
Bronx,Spuyten Duyvil/Kingsbridge,18,56,32.26,8.08,38.95
Bronx,Pelham Bay,5,56,45.23,13.36,51.89
Bronx,Mount Hope,21,56,43.67,11.85,50.08
Queens,Murray Hill-Queens,13,56,37.13,10.71,53.88
Brooklyn,Ocean Parkway South,14,56,31.86,7.51,46.88
Manhattan,Battery Park,8,56,20.58,3.57,16.92
Queens,Queensboro Hill,14,56,35.42,9.09,51.31
Brooklyn,Dyker Heights,6,56,37.51,9.63,49.96
Brooklyn,Bushwick South,2,56,24.3,4.34,19.22
Brooklyn,Bushwick North,5,56,29.25,7.1,39.53
Manhattan,Battery Park City,3,56,38.94,9.46,19.57
Brooklyn,Bedford,0,56,19.35,3.04,14.24
Queens,Rockaway Park,19,55,49.39,15.17,54.71
Brooklyn,Clinton Hill,1,55,21.68,4.3,17.9
Queens,Queensbridge/Ravenswood,22,55,21.69,3.66,15.53
Bronx,Schuylerville/Edgewater Park,18,55,36.12,10.48,39.74
Brooklyn,Sheepshead Bay,19,55,40.0,9.91,47.27
Queens,Ozone Park,16,55,47.44,6.69,37.86
Queens,Laurelton,18,55,46.0,12.45,52.83
Brooklyn,Crown Heights South,4,55,25.6,5.47,27.71
Queens,Glendale,7,55,37.9,9.25,57.87
Queens,Bayside,11,55,40.49,10.86,45.99
Queens,Murray Hill-Queens,10,55,42.11,11.95,67.2
Queens,Hillcrest/Pomonok,4,55,49.14,15.98,53.04
Queens,Rosedale,17,55,45.38,13.72,63.59
Queens,Briarwood/Jamaica Hills,21,55,71.1,10.85,25.81
Queens,Corona,19,55,45.67,9.4,39.44
Bronx,Pelham Parkway,18,55,39.3,10.92,54.25
Bronx,East Concourse/Concourse Village,4,54,47.0,13.02,50.72
Bronx,Crotona Park East,4,54,48.67,15.56,57.02
Queens,Elmhurst,1,54,30.65,4.7,15.0
Queens,Bellerose,7,54,50.5,14.95,76.55
Brooklyn,Sunset Park West,4,54,40.25,7.14,23.24
Queens,Saint Albans,3,54,46.9,14.23,45.81
Queens,Rockaway Park,16,54,41.47,11.3,55.97
Queens,Bayside,6,54,43.97,12.81,63.43
Queens,Bayside,8,54,46.4,13.6,67.12
Brooklyn,Bay Ridge,21,54,28.81,8.61,29.92
Brooklyn,East Flatbush/Farragut,21,54,42.44,12.46,49.11
Brooklyn,Sunset Park West,5,54,44.5,8.28,27.45
Brooklyn,Crown Heights North,1,54,21.98,5.47,20.21
Brooklyn,Carroll Gardens,21,54,25.36,4.94,20.2
Queens,Queensboro Hill,12,54,35.03,8.61,39.26
Queens,Queens Village,21,54,48.69,14.27,51.34
Queens,Bayside,9,53,44.8,12.56,54.49
Brooklyn,Brooklyn Heights,1,53,23.93,4.42,14.5
Brooklyn,Manhattan Beach,6,53,40.81,10.61,55.23
Brooklyn,Gowanus,17,53,26.62,4.93,38.2
Manhattan,Inwood Hill Park,14,53,47.67,14.88,79.02
Bronx,Fordham South,17,53,37.38,9.98,56.47
Queens,Glen Oaks,8,53,51.22,16.96,73.07
Brooklyn,Erasmus,19,53,35.33,8.24,47.73
Queens,Glen Oaks,13,53,47.65,14.24,53.39
Queens,North Corona,9,53,35.95,9.32,44.59
Queens,Maspeth,10,53,45.66,6.56,31.32
Brooklyn,Kensington,18,53,28.78,6.01,34.33
Queens,Bayside,13,53,40.64,11.13,49.37
Manhattan,Roosevelt Island,19,53,32.24,5.75,32.09
Queens,Hollis,12,53,44.44,12.78,58.68
Brooklyn,Gowanus,18,52,26.35,4.75,27.51
Brooklyn,Manhattan Beach,18,52,33.12,7.58,39.88
Brooklyn,Brighton Beach,5,52,43.13,11.9,48.78
Brooklyn,Bensonhurst East,18,52,32.02,6.99,36.05
Brooklyn,Canarsie,22,52,39.08,10.17,40.59
Queens,Woodside,2,52,26.09,4.2,13.53
Brooklyn,Gravesend,5,52,48.25,13.52,60.5
Queens,Woodside,3,52,25.62,3.93,11.77
Queens,Jamaica Estates,18,52,37.17,9.89,39.84
Brooklyn,Bushwick North,20,52,31.67,6.05,28.33
Brooklyn,Crown Heights South,21,52,29.86,6.54,36.15
Bronx,East Tremont,22,52,47.12,13.87,53.49
Queens,Bellerose,13,52,43.76,11.25,44.98
Brooklyn,Dyker Heights,19,52,45.18,10.95,37.95
Queens,Fresh Meadows,7,52,43.75,12.88,62.92
Bronx,Riverdale/North Riverdale/Fieldston,17,52,32.67,8.28,41.2
Bronx,Soundview/Bruckner,19,52,37.84,9.99,47.35
Queens,Fresh Meadows,9,52,42.21,12.39,58.4
Queens,Fresh Meadows,10,52,36.65,10.66,54.28
Queens,North Corona,13,52,34.66,8.08,41.66
Bronx,Van Nest/Morris Park,19,51,42.29,12.04,42.7
Brooklyn,Dyker Heights,18,51,44.65,9.85,44.41
Brooklyn,Downtown Brooklyn/MetroTech,5,51,39.36,8.35,24.31
Bronx,Fordham South,16,51,38.37,10.37,63.98
Bronx,Van Nest/Morris Park,20,51,39.55,10.41,43.59
Brooklyn,Prospect Park,15,51,27.73,5.04,34.0
Brooklyn,Bushwick North,22,51,25.86,5.48,23.14
Brooklyn,Flatbush/Ditmas Park,23,51,29.05,6.89,27.94
Queens,Rosedale,15,51,49.54,14.81,72.73
Brooklyn,Madison,18,51,33.65,7.91,43.44
Queens,Ozone Park,13,51,44.7,8.93,47.66
Brooklyn,DUMBO/Vinegar Hill,1,50,20.8,6.06,17.91
Queens,College Point,23,50,39.55,10.38,37.88
Bronx,Van Cortlandt Park,6,50,38.06,10.08,53.62
Queens,Queens Village,20,50,52.28,13.44,45.13
Brooklyn,Manhattan Beach,7,50,39.28,9.45,52.6
Bronx,Claremont/Bathgate,4,50,42.2,12.6,46.49
Queens,Cambria Heights,15,50,48.26,13.38,60.96
Brooklyn,Windsor Terrace,18,50,36.48,8.41,48.25
Queens,College Point,13,50,40.46,10.22,46.59
Brooklyn,Ocean Parkway South,15,50,28.31,5.65,43.53
Queens,Bellerose,18,50,40.04,9.37,41.42
Queens,Ozone Park,17,49,42.52,6.07,34.16
Queens,Ozone Park,15,49,51.07,8.15,41.49
Bronx,Westchester Village/Unionport,4,49,39.0,11.89,39.15
Brooklyn,Bedford,1,49,20.41,3.75,15.72
Queens,Saint Michaels Cemetery/Woodside,13,49,58.04,5.29,21.47
Brooklyn,Carroll Gardens,23,49,20.53,4.29,13.71
Queens,Murray Hill-Queens,14,49,39.72,11.32,72.17
Bronx,Norwood,22,49,36.86,9.07,37.81
Queens,North Corona,6,49,35.99,9.04,43.68
Queens,Queens Village,19,49,43.02,12.52,42.0
Bronx,Van Nest/Morris Park,0,49,48.81,16.25,47.73
Bronx,Crotona Park East,18,49,39.23,10.97,51.86
Brooklyn,Clinton Hill,5,49,30.57,6.84,28.11
Queens,Flushing Meadows-Corona Park,5,49,75.92,8.4,16.98
Brooklyn,Erasmus,21,48,37.6,10.34,47.47
Manhattan,Marble Hill,5,48,45.17,13.3,53.42
Queens,Flushing Meadows-Corona Park,10,48,58.71,7.35,23.25
Queens,Briarwood/Jamaica Hills,22,48,59.83,10.56,25.07
Bronx,Claremont/Bathgate,19,48,37.27,10.33,46.6
Brooklyn,Cobble Hill,23,48,22.83,5.34,19.91
Brooklyn,Prospect Park,16,48,27.26,5.19,39.68
Brooklyn,South Williamsburg,15,48,22.86,4.75,34.57
Queens,Corona,21,48,49.76,8.33,29.43
Brooklyn,Gravesend,18,48,45.17,12.51,61.74
Queens,Cambria Heights,4,48,59.52,17.74,55.87
Bronx,Melrose South,21,48,28.51,6.57,32.09
Manhattan,Battery Park,20,48,22.54,4.5,17.51
Queens,Rosedale,13,48,47.26,13.21,57.74
Bronx,Morrisania/Melrose,21,48,34.07,8.85,49.66
Bronx,Highbridge,18,48,37.67,9.2,44.77
Queens,Jamaica,2,48,51.69,9.27,18.49
Brooklyn,East New York/Pennsylvania Avenue,21,48,44.27,13.07,49.73
Bronx,Highbridge,20,48,36.54,7.99,34.54
Brooklyn,Prospect Park,12,47,29.45,6.71,35.69
Queens,Rosedale,20,47,48.44,14.19,44.16
Bronx,Kingsbridge Heights,20,47,43.76,12.59,54.88
Queens,Saint Michaels Cemetery/Woodside,17,47,54.07,6.5,28.9
Queens,Bellerose,5,47,53.5,17.87,75.77
Queens,Corona,23,47,54.51,8.32,23.48
Bronx,Eastchester,19,47,44.23,12.97,51.61
Brooklyn,Prospect-Lefferts Gardens,22,47,34.2,8.84,40.03
Manhattan,Manhattanville,4,47,21.94,4.52,13.07
Queens,Queensboro Hill,9,47,35.19,9.55,46.79
Bronx,Longwood,16,47,38.24,11.11,62.66
Brooklyn,Stuyvesant Heights,23,47,25.75,5.51,25.1
Brooklyn,Brooklyn Navy Yard,1,47,26.59,4.33,18.12
Queens,Auburndale,9,47,40.66,11.21,51.67
Queens,Ridgewood,3,47,38.65,8.1,27.5
Queens,Queensboro Hill,13,47,39.56,11.07,57.24
Bronx,Allerton/Pelham Gardens,16,47,44.0,12.97,68.95
Queens,Bay Terrace/Fort Totten,7,47,42.38,11.65,59.59
Queens,Bayside,12,47,33.05,9.23,35.43
Bronx,Pelham Bay,11,47,40.09,11.35,55.4
Manhattan,Roosevelt Island,20,46,32.48,5.98,27.8
Brooklyn,Columbia Street,8,46,33.79,6.32,34.87
Brooklyn,Prospect-Lefferts Gardens,3,46,30.86,8.13,36.36
Bronx,Woodlawn/Wakefield,18,46,45.15,13.58,60.79
Brooklyn,East New York/Pennsylvania Avenue,20,46,43.82,10.11,46.67
Queens,Bay Terrace/Fort Totten,10,46,36.35,9.69,43.12
Brooklyn,Bay Ridge,0,46,7.41,3.94,10.2
Queens,Bay Terrace/Fort Totten,9,46,47.31,12.79,50.1
Bronx,Pelham Bay,13,46,41.04,12.1,55.21
Brooklyn,East Flatbush/Remsen Village,22,46,37.9,9.96,47.37
Queens,Fresh Meadows,14,46,35.79,9.84,53.15
Queens,Glendale,16,46,34.78,6.41,42.35
Brooklyn,Clinton Hill,4,46,33.13,7.94,28.36
Queens,Forest Hills,4,46,42.21,11.39,39.96
Queens,Elmhurst,4,46,23.37,4.87,18.52
Bronx,Eastchester,20,46,44.27,13.38,58.86
Queens,North Corona,14,46,34.49,8.3,44.55
Queens,Murray Hill-Queens,7,46,40.74,11.75,73.79
Queens,Middle Village,17,46,51.2,8.75,35.17
Queens,Queensboro Hill,10,46,42.51,9.7,48.92
Queens,Ridgewood,5,46,31.91,6.99,34.8
Queens,Queensbridge/Ravenswood,0,46,18.06,3.09,12.17
Brooklyn,Windsor Terrace,7,46,30.88,6.14,43.41
Bronx,Soundview/Bruckner,17,45,33.58,8.49,45.29
Queens,Briarwood/Jamaica Hills,23,45,65.37,11.14,20.46
Bronx,Soundview/Bruckner,5,45,42.1,12.36,42.33
Queens,Fresh Meadows,15,45,39.27,11.15,56.09
Brooklyn,Downtown Brooklyn/MetroTech,3,45,23.39,4.3,12.91
Bronx,Highbridge,4,45,35.83,10.44,34.88
Bronx,Mott Haven/Port Morris,0,45,26.78,5.32,17.74
Queens,Bellerose,11,45,46.85,15.54,63.49
Queens,Glen Oaks,14,45,44.28,11.74,48.79
Queens,Fresh Meadows,8,45,44.5,12.64,62.46
Brooklyn,East New York,0,45,48.44,10.72,34.28
Manhattan,Roosevelt Island,21,45,39.93,10.8,44.14
Brooklyn,South Williamsburg,5,45,46.79,12.42,47.14
Queens,Auburndale,11,45,32.68,8.39,46.25
Queens,Oakland Gardens,7,45,44.99,13.17,71.83
Queens,Woodhaven,18,45,36.12,8.78,45.05
Queens,Kew Gardens,21,45,44.19,7.17,24.69
Brooklyn,Bay Ridge,20,45,35.13,8.9,32.03
Queens,Bay Terrace/Fort Totten,8,45,47.33,12.51,63.02
Queens,South Ozone Park,3,45,46.57,9.72,31.84
Manhattan,Washington Heights North,1,45,18.19,3.45,12.76
Bronx,Melrose South,22,45,32.28,7.94,41.39
Queens,Ozone Park,5,45,45.86,13.3,52.7
Brooklyn,Cypress Hills,4,44,37.35,8.71,37.71
Queens,Ridgewood,19,44,28.17,6.23,37.25
Brooklyn,Marine Park/Mill Basin,20,44,34.95,8.62,38.62
Brooklyn,Boerum Hill,4,44,26.18,5.55,20.87
Brooklyn,Kensington,5,44,43.07,12.17,54.98
Queens,Jamaica Estates,16,44,40.33,11.21,54.93
Queens,Baisley Park,3,44,49.45,11.92,38.85
Bronx,West Farms/Bronx River,18,44,32.66,8.41,43.07
Brooklyn,Bay Ridge,23,44,10.77,4.16,10.4
Queens,Rosedale,4,44,71.15,18.7,44.69
Brooklyn,Brownsville,3,44,46.86,12.1,51.13
Bronx,Allerton/Pelham Gardens,18,44,40.23,11.49,53.64
Brooklyn,Carroll Gardens,20,44,26.63,6.21,27.02
Queens,College Point,11,44,39.38,10.38,49.05
Queens,Corona,20,44,45.91,9.0,34.54
Manhattan,Marble Hill,6,43,40.27,10.95,52.84
Queens,Whitestone,13,43,40.49,10.63,51.95
Bronx,Soundview/Castle Hill,22,43,33.51,8.43,32.79
Bronx,Van Cortlandt Village,20,43,40.55,11.72,50.36
Queens,Murray Hill-Queens,15,43,39.2,10.33,59.48
Queens,Queensboro Hill,16,43,40.79,10.46,63.09
Brooklyn,Prospect-Lefferts Gardens,23,43,27.52,6.54,26.66
Queens,Rockaway Park,6,43,50.68,16.25,72.82
Queens,Hollis,16,43,43.4,12.39,64.05
Queens,Fresh Meadows,17,43,34.25,9.03,47.43
Brooklyn,Brownsville,23,43,40.3,9.78,41.82
Bronx,Riverdale/North Riverdale/Fieldston,5,43,42.43,13.5,48.17
Queens,Howard Beach,18,43,44.19,6.24,29.2
Brooklyn,Sunset Park West,0,42,24.42,7.17,20.81
Manhattan,Inwood,4,42,27.2,5.97,19.02
Brooklyn,Red Hook,22,42,38.24,10.83,34.98
Bronx,Longwood,18,42,31.27,7.09,44.93
Queens,Whitestone,9,42,37.34,9.67,47.96
Queens,Whitestone,10,42,37.36,9.5,41.2
Queens,Saint Michaels Cemetery/Woodside,12,42,52.99,5.12,19.53
Queens,Queensbridge/Ravenswood,21,42,20.88,3.93,18.23
Bronx,Belmont,18,42,37.96,9.58,47.08
Brooklyn,Brooklyn Navy Yard,15,42,28.3,5.93,31.5
Staten Island,Arrochar/Fort Wadsworth,16,42,0.33,6.73,18.06
Bronx,Belmont,19,42,48.25,14.03,57.38
Queens,College Point,16,42,36.64,9.63,44.12
Queens,Saint Michaels Cemetery/Woodside,11,42,58.62,6.2,24.83
Bronx,Morrisania/Melrose,22,41,36.5,9.63,35.25
Brooklyn,Columbia Street,10,41,33.25,4.49,21.57
Brooklyn,South Williamsburg,19,41,31.35,6.11,29.05
Bronx,Van Cortlandt Park,5,41,42.89,13.44,48.81
Brooklyn,Prospect Heights,5,41,31.3,7.22,41.04
Brooklyn,Sunset Park East,18,41,33.23,6.69,39.73
Bronx,Kingsbridge Heights,19,41,45.45,14.14,63.9
Queens,Rosedale,19,41,51.0,15.16,53.79
Queens,Bayside,20,41,41.38,11.84,38.92
Bronx,Hunts Point,18,41,36.91,9.43,44.48
Queens,Rockaway Park,18,41,46.0,12.28,52.11
Queens,Ridgewood,4,41,37.62,6.42,22.11
Brooklyn,South Williamsburg,20,41,21.91,3.9,21.21
Queens,Forest Hills,23,41,29.07,4.96,14.46
Queens,Richmond Hill,21,41,66.77,8.39,24.92
Queens,Hollis,15,41,42.38,12.1,61.74
Brooklyn,Cypress Hills,19,41,36.9,9.46,46.55
Queens,Fresh Meadows,5,41,46.16,14.41,59.12
Queens,Forest Hills,0,40,24.1,4.48,13.98
Brooklyn,Ocean Hill,4,40,36.73,9.85,43.95
Queens,Laurelton,4,40,58.61,16.61,63.47
Queens,Queensbridge/Ravenswood,4,40,34.91,4.95,14.14
Queens,Old Astoria,2,40,15.72,3.05,11.06
Bronx,University Heights/Morris Heights,21,40,32.56,8.18,33.0
Queens,College Point,15,40,37.2,8.98,46.09
Brooklyn,Dyker Heights,16,40,34.49,8.1,53.51
Queens,Auburndale,10,40,35.12,8.86,47.75
Queens,College Point,10,40,38.62,9.32,38.78
Bronx,Highbridge,19,40,35.19,9.71,44.77
Brooklyn,Homecrest,19,40,28.64,5.82,34.89
Bronx,Van Nest/Morris Park,23,40,37.21,10.23,37.33
Queens,Bayside,10,40,38.9,10.69,50.27
Queens,Murray Hill-Queens,16,39,39.55,10.78,62.4
Bronx,Van Cortlandt Park,11,39,46.9,13.46,62.58
Queens,Flushing Meadows-Corona Park,1,39,85.28,10.77,18.46
Bronx,Pelham Parkway,20,39,42.53,11.62,46.9
Bronx,Van Cortlandt Park,10,39,39.2,10.57,43.97
Queens,Cambria Heights,19,39,51.79,13.74,54.05
Queens,College Point,7,39,43.11,11.26,58.31
Manhattan,Manhattanville,3,39,17.06,3.62,9.82
Queens,Auburndale,8,39,41.75,11.35,61.52
Queens,Richmond Hill,22,39,61.35,7.96,25.84
Queens,Jamaica Estates,5,39,44.88,13.78,58.86
Queens,Kew Gardens,5,39,52.12,9.28,36.89
Queens,Glen Oaks,10,39,49.22,14.47,62.3
Bronx,Westchester Village/Unionport,22,39,41.87,12.65,42.72
Bronx,Kingsbridge Heights,4,39,39.68,11.34,42.67
Queens,Rosedale,16,39,46.85,13.21,64.54
Bronx,Mott Haven/Port Morris,22,39,27.16,5.46,18.85
Queens,Middle Village,18,38,58.31,8.53,37.86
Bronx,Pelham Parkway,19,38,43.8,13.72,56.09
Bronx,Van Cortlandt Park,9,38,40.45,11.23,52.95
Queens,Bay Terrace/Fort Totten,11,38,46.69,13.64,57.27
Bronx,Pelham Bay,17,38,40.29,10.88,52.56
Brooklyn,Bay Ridge,22,38,26.84,7.71,19.66
Bronx,University Heights/Morris Heights,20,38,30.53,7.41,37.12
Bronx,Soundview/Bruckner,20,38,32.83,8.5,38.95
Manhattan,Marble Hill,12,38,30.18,7.51,37.76
Brooklyn,Bath Beach,17,38,32.68,7.65,42.12
Bronx,Highbridge,21,38,31.98,7.87,30.4
Queens,Glen Oaks,15,38,45.41,12.59,57.37
Queens,Elmhurst,2,38,27.03,4.2,13.24
Queens,Saint Michaels Cemetery/Woodside,21,38,57.5,6.81,18.16
Bronx,Hunts Point,20,38,37.85,9.28,37.76
Bronx,Belmont,17,38,38.15,10.41,57.05
Brooklyn,Brooklyn Heights,2,38,31.82,6.8,17.67
Queens,Kew Gardens Hills,18,38,40.81,9.68,50.22
Queens,Fresh Meadows,12,38,39.94,11.68,47.57
Bronx,Crotona Park East,19,38,41.2,11.88,48.94
Manhattan,Battery Park,22,38,26.32,4.94,22.41
Queens,Steinway,4,38,40.01,5.69,13.3
Brooklyn,Williamsburg (North Side),7,38,37.14,8.31,36.32
Queens,College Point,22,38,33.91,9.77,26.77
Brooklyn,Crown Heights North,2,38,28.97,6.64,26.42
Brooklyn,Coney Island,22,38,48.13,14.13,52.7
Queens,Whitestone,14,38,33.44,8.23,43.36
Queens,Oakland Gardens,9,38,43.76,12.02,58.27
Brooklyn,Prospect-Lefferts Gardens,0,38,21.7,4.17,21.4
Brooklyn,Prospect Park,14,38,35.47,7.91,50.99
Brooklyn,Gowanus,21,37,30.65,5.95,26.51
Brooklyn,Bedford,3,37,20.41,3.9,19.03
Queens,Hollis,14,37,41.8,11.77,56.54
Queens,South Ozone Park,1,37,43.98,9.2,24.49
Queens,Queensboro Hill,5,37,35.02,9.4,35.11
Brooklyn,Flatlands,3,37,42.32,12.66,50.81
Bronx,Woodlawn/Wakefield,20,37,60.93,19.29,86.29
Manhattan,Marble Hill,13,37,32.82,8.25,44.26
Brooklyn,Gowanus,19,37,23.92,4.7,32.23
Queens,Steinway,3,37,40.77,5.42,11.15
Brooklyn,Sunset Park West,1,37,39.28,6.68,20.22
Queens,Kew Gardens,20,37,74.63,6.21,16.62
Queens,Glen Oaks,12,37,48.15,14.26,57.0
Manhattan,Inwood,21,37,29.12,7.11,27.36
Bronx,East Tremont,21,37,39.11,11.09,45.29
Queens,Elmhurst/Maspeth,20,37,30.49,5.45,21.89
Queens,Ozone Park,18,37,50.37,8.3,35.7
Bronx,Longwood,4,37,37.88,10.72,38.66
Queens,Queensboro Hill,11,37,36.23,9.99,53.65
Bronx,Bronxdale,20,36,43.53,13.92,57.16
Bronx,Van Cortlandt Park,12,36,43.48,12.94,57.72
Brooklyn,Sunset Park West,3,36,49.09,7.45,20.94
Queens,Whitestone,7,36,47.24,12.99,75.57
Brooklyn,DUMBO/Vinegar Hill,4,36,23.39,7.59,22.82
Brooklyn,South Williamsburg,21,36,19.12,2.75,18.0
Bronx,Claremont/Bathgate,20,36,35.05,9.45,37.21
Brooklyn,Prospect Heights,1,36,17.83,3.23,13.65
Brooklyn,Gowanus,7,36,44.29,11.33,48.33
Brooklyn,Sunset Park East,20,36,34.2,9.55,44.17
Bronx,Woodlawn/Wakefield,19,36,47.04,14.3,52.32
Queens,Bellerose,10,36,47.98,13.25,59.76
Queens,Glen Oaks,11,36,48.41,12.36,47.81
Brooklyn,Brooklyn Navy Yard,16,36,24.8,4.35,22.81
Brooklyn,Sunset Park West,2,36,41.84,7.35,20.19
Queens,Jamaica,4,36,36.74,8.6,30.92
Brooklyn,Sheepshead Bay,20,35,41.89,11.17,44.61
Brooklyn,Gowanus,23,35,22.11,4.34,20.29
Queens,Hollis,17,35,43.99,13.32,65.49
Queens,Glendale,17,35,42.96,6.5,36.48
Queens,Bellerose,17,35,44.99,14.35,64.45
Queens,Hollis,19,35,45.07,12.79,50.71
Manhattan,Roosevelt Island,23,35,32.03,7.71,32.27
Queens,Queensboro Hill,15,35,45.32,11.97,56.22
Brooklyn,Red Hook,5,35,37.59,9.42,42.91
Brooklyn,Prospect Park,10,35,27.82,5.0,32.31
Bronx,Van Cortlandt Park,8,35,40.41,11.33,56.43
Queens,Whitestone,19,35,41.43,10.73,44.66
Manhattan,Randalls Island,17,35,53.61,5.74,31.71
Bronx,Riverdale/North Riverdale/Fieldston,19,35,38.04,11.11,45.86
Queens,Flushing,21,35,35.01,9.08,31.65
Manhattan,Randalls Island,9,35,48.66,6.79,30.99
Manhattan,Randalls Island,8,35,42.24,7.81,42.64
Bronx,Co-Op City,22,35,47.34,15.16,53.93
Brooklyn,Carroll Gardens,0,35,19.38,3.68,15.6
Brooklyn,Sheepshead Bay,3,35,59.86,19.57,51.3
Brooklyn,Park Slope,5,35,31.67,7.15,37.3
Queens,Queensbridge/Ravenswood,23,35,24.64,4.39,17.01
Bronx,Williamsbridge/Olinville,23,35,45.01,13.61,42.13
Brooklyn,Ocean Parkway South,17,35,34.51,8.21,52.31
Queens,Rego Park,20,35,58.28,7.8,27.1
Brooklyn,Sunset Park West,21,35,34.08,8.7,34.9
Queens,Springfield Gardens South,1,35,117.88,28.25,32.4
Bronx,West Concourse,4,35,33.22,9.06,31.93
Queens,Springfield Gardens North,22,35,38.19,10.9,38.7
Manhattan,Washington Heights North,2,35,20.78,4.27,13.33
Queens,Rockaway Park,17,35,48.61,12.83,63.06
Bronx,Norwood,19,35,47.07,14.72,60.8
Bronx,Van Nest/Morris Park,4,34,40.97,13.97,54.01
Brooklyn,Cypress Hills,20,34,34.98,8.53,40.45
Bronx,East Concourse/Concourse Village,21,34,39.01,10.85,38.91
Queens,College Point,21,34,47.03,9.31,32.68
Staten Island,Arrochar/Fort Wadsworth,15,34,0.01,6.68,20.32
Brooklyn,Prospect Park,13,34,31.48,7.83,50.37
Brooklyn,Midwood,19,34,36.29,9.16,48.78
Bronx,Bronxdale,19,34,39.24,10.64,48.09
Brooklyn,Dyker Heights,20,34,41.23,9.91,40.24
Bronx,West Concourse,0,34,38.66,7.94,20.88
Manhattan,Inwood,0,34,22.11,4.65,15.14
Bronx,Fordham South,18,34,40.8,12.01,57.1
Brooklyn,Canarsie,3,34,46.76,12.95,52.28
Queens,Steinway,2,34,29.1,4.0,12.43
Brooklyn,Bushwick North,21,34,28.85,6.59,28.21
Manhattan,Battery Park,23,34,25.82,5.48,21.7
Queens,Saint Albans,22,34,45.37,14.23,54.58
Bronx,Pelham Bay Park,7,34,41.26,12.14,71.37
Bronx,Kingsbridge Heights,3,34,42.46,13.59,44.76
Queens,Hollis,18,34,42.5,12.75,55.52
Queens,East Flushing,11,34,40.29,10.57,51.96
Bronx,Schuylerville/Edgewater Park,17,34,37.59,11.93,50.27
Queens,Elmhurst,3,33,20.16,3.9,13.85
Brooklyn,Bensonhurst East,4,33,32.52,7.55,42.02
Brooklyn,Homecrest,20,33,35.8,7.68,41.37
Queens,Hillcrest/Pomonok,20,33,34.69,9.17,37.18
Queens,Glen Oaks,9,33,50.62,15.28,54.69
Queens,Glen Oaks,4,33,55.8,17.62,56.56
Brooklyn,Prospect Park,11,33,30.2,6.18,39.17
Brooklyn,Stuyvesant Heights,1,33,23.63,4.48,21.26
Queens,Auburndale,14,33,34.59,7.34,48.75
Brooklyn,Manhattan Beach,19,33,37.85,9.26,40.37
Brooklyn,Sunset Park West,22,33,36.63,8.02,30.07
Queens,Ridgewood,20,33,30.48,7.27,35.86
Queens,Briarwood/Jamaica Hills,0,33,59.72,9.86,18.99
Brooklyn,Prospect Park,9,33,26.42,4.54,36.37
Bronx,University Heights/Morris Heights,23,33,40.89,10.64,37.47
Manhattan,Randalls Island,7,33,60.69,6.05,25.53
Queens,Woodhaven,20,33,46.87,11.9,46.91
Brooklyn,Coney Island,3,33,42.48,11.27,41.67
Manhattan,Randalls Island,14,33,48.19,6.42,27.01
Queens,Saint Michaels Cemetery/Woodside,19,32,60.74,6.32,23.0
Queens,South Jamaica,1,32,58.28,11.81,26.19
Queens,Howard Beach,20,32,46.79,9.78,33.37
Bronx,Allerton/Pelham Gardens,21,32,45.63,13.0,51.14
Manhattan,Randalls Island,23,32,34.67,5.86,19.33
Bronx,Mott Haven/Port Morris,3,32,31.8,8.76,22.6
Queens,Oakland Gardens,10,32,43.67,12.93,55.74
Queens,North Corona,15,32,35.03,7.72,46.14
Brooklyn,Windsor Terrace,17,32,30.48,7.06,48.97
Brooklyn,Clinton Hill,2,32,19.9,3.42,15.85
Queens,Richmond Hill,23,32,37.47,6.06,20.16
Queens,Fresh Meadows,13,32,41.78,9.06,42.32
Queens,Jamaica,3,32,31.38,7.44,20.82
Queens,Howard Beach,19,32,50.75,11.69,42.91
Brooklyn,Park Slope,3,32,21.81,4.66,15.38
Brooklyn,Cypress Hills,3,32,46.62,11.43,40.85
Manhattan,Randalls Island,10,32,51.71,6.65,29.39
Queens,Queensboro Hill,17,32,41.75,11.16,60.75
Queens,North Corona,16,32,35.36,8.25,50.93
Brooklyn,Bath Beach,16,32,30.68,6.46,49.79
Bronx,Pelham Bay,15,32,42.96,11.83,66.43
Queens,Bellerose,12,32,44.99,12.65,47.68
Queens,East Flushing,9,32,37.86,10.09,54.04
Brooklyn,Bensonhurst West,19,32,38.59,10.23,46.18
Queens,Auburndale,7,31,43.99,12.76,74.33
Manhattan,Randalls Island,18,31,49.76,6.16,23.61
Brooklyn,Prospect Park,17,31,24.42,3.83,27.67
Queens,Hammels/Arverne,3,31,57.12,18.48,64.14
Queens,Murray Hill-Queens,18,31,42.69,11.24,44.66
Brooklyn,South Williamsburg,23,31,14.73,2.32,13.35
Bronx,Melrose South,4,31,28.41,6.36,30.03
Bronx,Bronxdale,22,31,38.39,9.98,36.07
Queens,College Point,17,31,40.36,9.71,42.48
Queens,Rockaway Park,20,31,62.47,20.27,63.28
Bronx,Westchester Village/Unionport,19,31,36.05,11.15,41.83
Brooklyn,Cypress Hills,21,31,39.93,8.9,37.02
Queens,Woodhaven,19,31,42.99,10.92,42.87
Brooklyn,Prospect Park,6,30,30.67,6.9,39.74
Queens,Whitestone,18,30,46.37,11.3,40.97
Brooklyn,Canarsie,0,30,45.54,11.01,27.97
Queens,Glen Oaks,17,30,51.54,13.62,57.05
Queens,Douglaston,14,30,44.91,11.31,49.02
Queens,Elmhurst/Maspeth,4,30,33.7,4.84,14.13
Brooklyn,Flatlands,23,30,33.1,7.96,32.91
Brooklyn,Gravesend,19,30,45.32,11.33,45.43
Brooklyn,Brooklyn Navy Yard,14,30,26.01,5.71,35.58
Queens,Hillcrest/Pomonok,3,30,41.76,11.31,38.55
Queens,Whitestone,8,30,42.57,12.11,63.8
Queens,North Corona,17,30,34.92,9.2,53.07
Queens,Ridgewood,23,30,23.11,3.8,17.11
Queens,Rego Park,21,30,50.81,7.3,21.46
Bronx,Norwood,23,30,50.38,12.4,36.94
Bronx,Pelham Bay,14,30,42.4,12.23,59.72
Brooklyn,Bedford,2,30,18.95,3.07,13.21
Queens,Hammels/Arverne,22,30,51.53,14.77,55.96
Queens,Glendale,18,30,44.33,6.82,36.69
Queens,Saint Michaels Cemetery/Woodside,18,30,67.07,6.2,21.47
Bronx,Crotona Park East,20,30,36.73,9.66,47.04
Queens,Whitestone,11,30,40.03,10.24,46.65
Bronx,East Concourse/Concourse Village,23,30,29.19,6.29,19.5
Queens,Ozone Park,22,30,41.93,10.71,39.73
Bronx,Allerton/Pelham Gardens,19,30,44.8,13.45,54.61
Bronx,Bedford Park,21,30,41.58,11.69,54.56
Manhattan,Randalls Island,11,30,50.04,5.6,22.05
Manhattan,Randalls Island,13,30,50.12,6.65,23.77
Queens,East Flushing,8,29,40.17,12.0,69.86
Brooklyn,Cypress Hills,23,29,47.32,12.52,36.01
Queens,Queensboro Hill,7,29,35.45,9.72,51.86
Queens,College Point,8,29,41.71,10.56,49.99
Bronx,Kingsbridge Heights,22,29,30.3,7.37,34.58
Queens,Howard Beach,21,29,54.07,10.92,33.36
Queens,East Flushing,10,29,36.83,10.1,52.43
Bronx,Bronx Park,15,29,43.57,10.55,52.07
Brooklyn,Brownsville,1,29,41.18,11.78,47.08
Brooklyn,Bensonhurst East,20,29,40.08,11.31,40.92
Brooklyn,Brooklyn Heights,5,29,37.46,9.76,42.11
Bronx,Pelham Bay,18,29,53.07,17.58,66.27
Brooklyn,East Flatbush/Farragut,3,29,29.19,6.77,29.53
Brooklyn,East Flatbush/Remsen Village,23,29,37.9,9.59,44.4
Brooklyn,Kensington,19,29,28.71,6.03,32.31
Queens,Richmond Hill,3,29,53.09,8.91,23.88
Bronx,Melrose South,23,29,35.09,9.33,38.6
Manhattan,Inwood,23,29,24.15,5.47,16.84
Manhattan,Inwood,5,29,32.46,8.72,33.74
Bronx,Van Cortlandt Village,21,29,38.61,10.84,45.08
Bronx,Mott Haven/Port Morris,1,29,25.76,5.97,18.19
Queens,Far Rockaway,21,29,51.0,15.88,52.42
Manhattan,Randalls Island,19,29,43.54,6.17,22.59
Brooklyn,Columbia Street,19,29,25.84,4.84,25.29
Queens,Ozone Park,19,28,45.16,9.83,36.72
Brooklyn,East Flatbush/Remsen Village,3,28,38.66,10.33,39.51
Queens,College Point,12,28,35.47,8.56,32.88
Bronx,Bedford Park,20,28,44.74,13.35,48.35
Brooklyn,Gowanus,5,28,28.25,6.75,36.82
Brooklyn,Midwood,20,28,32.2,7.1,38.39
Brooklyn,Gravesend,20,28,58.31,16.95,64.31
Queens,College Point,20,28,34.79,8.61,26.45
Brooklyn,Stuyvesant Heights,2,28,21.64,4.15,19.66
Queens,Elmhurst/Maspeth,0,28,26.15,3.86,14.08
Queens,Baisley Park,2,28,69.61,12.45,20.34
Bronx,Norwood,4,28,49.21,14.83,53.38
Queens,Kew Gardens,23,28,35.85,7.28,20.03
Bronx,Spuyten Duyvil/Kingsbridge,20,28,34.31,8.92,44.04
Queens,Rego Park,22,28,49.15,8.52,25.88
Brooklyn,Starrett City,21,28,36.46,10.62,35.8
Queens,Whitestone,4,28,41.75,12.02,38.97
Queens,Saint Michaels Cemetery/Woodside,20,28,63.2,6.5,18.5
Queens,Laurelton,20,28,43.06,12.56,45.84
Queens,Queens Village,4,28,46.38,13.7,44.15
Bronx,Woodlawn/Wakefield,21,28,40.71,11.94,45.35
Bronx,Claremont/Bathgate,21,28,33.3,8.31,36.7
Brooklyn,Bath Beach,18,28,47.03,12.43,49.76
Queens,Rosedale,21,28,56.24,12.78,33.62
Bronx,Westchester Village/Unionport,20,27,40.51,11.91,46.35
Queens,Ridgewood,0,27,22.78,4.62,19.27
Queens,Kew Gardens Hills,19,27,33.63,8.74,43.48
Bronx,Pelham Bay,16,27,41.69,10.78,57.52
Bronx,Fordham South,19,27,34.39,7.94,43.16
Brooklyn,Ocean Hill,23,27,34.54,8.51,34.79
Bronx,Bronx Park,14,27,39.4,10.55,62.81
Bronx,Claremont/Bathgate,22,27,50.17,12.5,49.28
Brooklyn,Borough Park,5,27,35.74,8.45,42.23
Bronx,West Farms/Bronx River,20,27,38.01,9.71,35.69
Queens,Ridgewood,21,27,26.61,6.11,29.06
Brooklyn,Gowanus,20,27,23.29,4.63,23.36
Bronx,City Island,15,27,50.02,14.57,64.14
Queens,Hillcrest/Pomonok,5,27,43.69,13.12,45.95
Queens,Saint Albans,23,27,41.8,12.1,46.92
Brooklyn,Williamsburg (North Side),5,27,34.45,6.79,22.42
Brooklyn,Columbia Street,7,27,41.37,6.83,31.73
Queens,Queensbridge/Ravenswood,1,27,15.15,2.88,11.77
Brooklyn,Windsor Terrace,20,27,28.72,7.35,38.35
EWR,Newark Airport,15,27,103.84,7.35,16.72
Bronx,Norwood,20,27,43.78,12.68,46.49
Bronx,Riverdale/North Riverdale/Fieldston,4,27,45.02,14.46,43.7
Queens,Old Astoria,3,27,13.23,1.95,7.42
Bronx,Van Nest/Morris Park,22,27,37.46,10.25,39.42
Bronx,Bronxdale,4,27,41.25,12.16,46.58
Queens,Glendale,5,26,36.2,9.16,48.92
Brooklyn,Sunset Park East,19,26,49.96,8.62,35.89
Manhattan,Randalls Island,12,26,43.98,5.59,23.83
Queens,Jamaica Estates,19,26,40.74,8.76,35.44
Queens,Kew Gardens,22,26,39.13,6.1,18.74
Bronx,Schuylerville/Edgewater Park,22,26,41.49,10.82,34.56
Queens,Laurelton,19,26,47.57,13.69,50.11
Bronx,Mount Hope,4,26,36.17,10.33,37.37
Queens,Bay Terrace/Fort Totten,13,26,41.15,10.54,49.32
Queens,Bay Terrace/Fort Totten,15,26,38.19,8.76,49.92
Brooklyn,DUMBO/Vinegar Hill,5,26,47.1,8.8,31.16
Queens,Flushing,22,26,46.79,9.75,28.62
Queens,Oakland Gardens,12,26,43.15,13.02,46.09
Queens,Queensboro Hill,8,26,31.9,8.38,43.05
Brooklyn,Manhattan Beach,5,26,52.33,14.25,57.74
Manhattan,Inwood Hill Park,12,26,30.87,7.45,40.71
Bronx,Belmont,21,26,42.1,11.2,43.3
Bronx,Pelham Parkway,21,26,41.8,11.42,39.98
Brooklyn,Brooklyn Navy Yard,19,26,29.16,7.04,35.95
Bronx,Belmont,20,26,39.31,11.04,41.76
Queens,Auburndale,12,26,33.67,9.06,44.12
EWR,Newark Airport,16,26,92.92,8.1,23.71
Brooklyn,Windsor Terrace,16,26,31.51,6.81,47.13
Brooklyn,Columbia Street,11,26,31.79,6.29,29.85
Brooklyn,Flatbush/Ditmas Park,0,26,26.88,5.6,20.04
Queens,Fresh Meadows,6,26,44.16,13.12,67.49
Queens,Cambria Heights,20,26,51.1,12.33,47.83
Brooklyn,Cobble Hill,6,25,25.03,5.94,31.13
Bronx,Norwood,3,25,48.06,14.98,46.36
Brooklyn,Erasmus,22,25,29.99,7.2,34.2
Queens,Springfield Gardens South,2,25,57.92,13.35,28.53
Manhattan,Inwood,1,25,31.22,6.76,19.94
Brooklyn,Flatbush/Ditmas Park,2,25,29.73,7.45,30.68
Brooklyn,Prospect Park,8,25,27.84,5.93,44.14
Brooklyn,South Williamsburg,22,25,19.84,2.26,13.73
Queens,College Point,19,25,40.96,10.17,30.97
Bronx,Van Cortlandt Park,13,25,44.9,12.61,71.13
Queens,Oakland Gardens,16,25,46.42,13.1,56.61
Brooklyn,Borough Park,20,25,32.12,7.49,39.33
Queens,North Corona,18,25,37.35,9.27,41.5
Brooklyn,Canarsie,23,25,35.91,9.21,37.66
Brooklyn,Borough Park,21,25,27.58,6.09,32.22
Queens,East Flushing,7,25,41.46,11.06,68.24
Brooklyn,Midwood,4,25,32.67,7.37,40.43
Brooklyn,Starrett City,3,25,42.79,12.07,42.11
Queens,Whitestone,17,25,50.88,11.3,42.71
Brooklyn,Crown Heights South,3,25,28.95,6.38,34.76
Queens,East Flushing,12,25,39.76,10.71,53.52
Manhattan,Washington Heights North,4,25,26.92,5.68,19.68
Queens,Auburndale,13,25,36.42,8.79,45.31
Bronx,City Island,16,25,53.46,14.97,75.71
Brooklyn,DUMBO/Vinegar Hill,2,25,25.77,5.45,14.7
Brooklyn,Columbia Street,12,24,33.22,5.22,27.13
Brooklyn,East New York/Pennsylvania Avenue,22,24,40.92,11.37,39.62
Brooklyn,Windsor Terrace,19,24,28.74,5.99,26.82
Bronx,University Heights/Morris Heights,3,24,63.83,18.36,56.2
Queens,Rockaway Park,23,24,59.21,15.98,47.1
Brooklyn,Madison,19,24,40.68,10.41,54.05
Brooklyn,Prospect Heights,4,24,19.11,2.31,13.44
Brooklyn,Bensonhurst West,4,24,31.71,7.23,34.56
Brooklyn,Crown Heights South,22,24,30.97,7.21,30.91
Queens,Saint Michaels Cemetery/Woodside,22,24,53.09,6.57,16.62
Queens,Howard Beach,4,24,57.35,15.52,50.11
Queens,Fresh Meadows,22,24,38.04,11.45,37.33
Queens,Glendale,19,24,33.12,7.81,38.6
Brooklyn,East New York,1,24,36.16,10.71,31.19
Brooklyn,Brooklyn Navy Yard,13,24,27.53,5.99,29.6
Queens,Elmhurst/Maspeth,5,24,47.57,3.55,9.39
Brooklyn,South Williamsburg,0,24,20.46,2.21,9.35
Bronx,East Tremont,23,24,41.71,12.49,39.08
Queens,Saint Michaels Cemetery/Woodside,23,24,55.55,7.61,18.45
Queens,Old Astoria,4,24,22.69,4.52,16.77
Queens,North Corona,5,24,38.1,9.74,47.97
Queens,College Point,18,24,42.58,9.98,42.24
Queens,Murray Hill-Queens,3,24,47.74,11.22,26.59
Queens,Howard Beach,0,24,56.32,13.6,26.27
Brooklyn,Coney Island,0,23,49.33,14.27,43.42
Bronx,Morrisania/Melrose,23,23,26.93,5.42,21.91
Queens,Glen Oaks,5,23,62.53,18.31,47.32
Brooklyn,Columbia Street,9,23,44.8,7.07,30.91
Queens,Queensbridge/Ravenswood,2,23,26.7,3.38,11.04
Brooklyn,Ocean Hill,0,23,29.73,7.24,29.24
Brooklyn,Columbia Street,14,23,30.53,4.84,33.46
Queens,Douglaston,16,23,48.16,12.67,53.93
Queens,North Corona,21,23,33.79,8.79,25.78
Brooklyn,Columbia Street,17,23,27.17,4.57,31.63
Queens,Woodhaven,21,23,36.49,8.35,37.04
Brooklyn,Prospect Park,20,23,18.83,3.33,17.37
Brooklyn,Prospect Park,19,23,25.62,5.84,29.59
Bronx,Spuyten Duyvil/Kingsbridge,22,23,33.39,9.27,31.86
Brooklyn,Starrett City,22,23,39.56,9.99,30.86
Bronx,Co-Op City,23,23,46.78,14.22,46.19
Brooklyn,Cobble Hill,0,23,14.67,2.6,11.96
Bronx,Spuyten Duyvil/Kingsbridge,19,23,37.14,10.22,39.54
Queens,Middle Village,19,23,57.15,10.03,38.79
Bronx,East Concourse/Concourse Village,22,23,33.23,8.99,35.56
Bronx,West Farms/Bronx River,22,23,37.3,9.23,33.21
Bronx,Spuyten Duyvil/Kingsbridge,23,23,32.28,8.55,23.12
Queens,Richmond Hill,0,23,30.68,5.64,16.58
Bronx,Van Cortlandt Village,4,23,44.05,13.04,62.81
Bronx,Country Club,4,23,52.89,17.13,56.89
Bronx,Van Nest/Morris Park,21,22,39.53,11.8,48.49
Queens,Douglaston,10,22,43.22,11.91,50.73
Brooklyn,Ocean Hill,1,22,33.36,7.63,24.15
Brooklyn,Park Slope,4,22,20.71,4.09,16.71
Queens,Douglaston,9,22,43.85,12.17,50.36
Brooklyn,Gravesend,21,22,40.0,10.45,51.43
Bronx,Mott Haven/Port Morris,2,22,22.69,4.16,14.21
Queens,Middle Village,4,22,39.19,8.01,27.99
Brooklyn,Gowanus,22,22,27.46,3.23,14.19
Queens,Saint Michaels Cemetery/Woodside,9,22,56.31,5.71,28.63
Bronx,Longwood,20,22,40.45,10.74,54.95
Bronx,Pelham Bay Park,6,22,41.35,12.04,61.16
Brooklyn,Brownsville,0,22,37.25,11.11,35.19
Manhattan,Roosevelt Island,5,22,55.06,10.47,37.31
Queens,Kew Gardens Hills,22,22,24.8,6.3,25.2
Bronx,Westchester Village/Unionport,23,22,36.73,8.91,35.11
Queens,Hillcrest/Pomonok,22,22,42.64,12.47,37.21
Bronx,West Farms/Bronx River,19,22,41.31,11.54,54.08
Queens,Howard Beach,22,22,55.32,13.74,33.27
Queens,Elmhurst/Maspeth,21,22,37.19,7.03,26.97
Queens,Murray Hill-Queens,17,22,37.32,10.22,51.84
Queens,Bay Terrace/Fort Totten,14,22,46.5,13.45,74.39
Bronx,Melrose South,0,22,22.65,5.09,18.83
Queens,Howard Beach,23,22,64.38,16.55,33.16
Queens,Oakland Gardens,17,22,47.83,13.02,51.88
Bronx,Longwood,19,22,45.29,12.58,45.63
Brooklyn,Prospect Park,7,22,31.78,6.25,47.27
Queens,Saint Albans,0,22,51.86,15.19,46.17
Brooklyn,Carroll Gardens,1,22,12.55,2.07,10.2
Queens,Ozone Park,21,21,34.95,9.71,35.11
Brooklyn,Bay Ridge,1,21,11.25,4.67,13.44
Queens,Bay Terrace/Fort Totten,6,21,40.52,10.88,45.35
Brooklyn,Cypress Hills,22,21,37.28,8.31,35.34
Queens,Ozone Park,20,21,40.59,11.36,49.62
Queens,Oakland Gardens,11,21,47.65,13.54,63.45
Brooklyn,Prospect Park,18,21,22.69,4.65,23.96
Queens,Ridgewood,1,21,16.23,3.05,13.14
Queens,Queens Village,3,21,49.1,16.19,46.97
Queens,Bayside,19,21,39.68,11.64,54.53
Brooklyn,Marine Park/Floyd Bennett Field,14,21,25.61,6.44,28.65
Queens,Far Rockaway,22,21,47.58,14.63,52.41
Manhattan,Inwood Hill Park,13,21,33.6,7.72,33.01
Brooklyn,Flatlands,0,21,36.94,8.89,38.42
Queens,Springfield Gardens North,3,21,48.97,15.83,57.45
Bronx,Schuylerville/Edgewater Park,21,21,52.1,9.89,26.41
Bronx,City Island,10,21,44.6,12.29,58.54
Bronx,Kingsbridge Heights,21,21,29.56,6.69,25.98
Manhattan,Washington Heights North,3,21,21.09,4.46,12.65
Queens,South Ozone Park,2,21,38.58,6.26,22.2
Brooklyn,Marine Park/Mill Basin,21,21,36.47,7.45,29.07
Brooklyn,Brighton Beach,20,21,38.74,10.33,42.96
Queens,Kew Gardens Hills,4,21,40.74,11.16,44.83
Brooklyn,Red Hook,4,21,35.55,9.7,34.76
Queens,Auburndale,15,21,39.78,10.95,54.65
Brooklyn,Prospect-Lefferts Gardens,2,21,26.63,6.19,22.85
Manhattan,Randalls Island,21,21,44.95,6.36,19.19
Bronx,Hunts Point,22,21,41.1,11.89,39.18
Bronx,Hunts Point,23,21,39.97,9.84,30.11
Brooklyn,Brooklyn Navy Yard,18,20,20.61,3.67,22.24
Brooklyn,Marine Park/Floyd Bennett Field,19,20,26.42,5.74,14.77
Queens,Douglaston,12,20,42.26,12.75,44.35
Brooklyn,Midwood,21,20,53.05,12.46,53.92
Brooklyn,Sunset Park East,21,20,38.89,8.79,42.67
Bronx,Mount Hope,1,20,23.72,5.1,18.37
Manhattan,Marble Hill,4,20,37.05,10.07,38.63
Queens,Woodhaven,4,20,40.32,12.86,38.94
Bronx,Bedford Park,22,20,32.6,9.58,33.09
Bronx,Hunts Point,21,20,31.45,7.5,36.46
Bronx,University Heights/Morris Heights,22,20,28.35,6.26,29.12
Queens,Oakland Gardens,18,20,43.8,12.74,51.91
Manhattan,Randalls Island,6,20,48.82,7.93,19.24
Bronx,Soundview/Bruckner,22,20,34.12,9.09,36.84
Bronx,Mount Hope,22,20,34.68,9.72,38.04
Queens,Elmhurst/Maspeth,22,20,29.5,6.88,24.55
Queens,Bay Terrace/Fort Totten,16,20,43.86,12.74,60.39
Manhattan,Marble Hill,15,20,29.05,7.13,35.87
Queens,Briarwood/Jamaica Hills,1,20,52.38,8.07,15.53
Bronx,Bronx Park,9,20,36.28,9.73,44.56
Queens,Flushing Meadows-Corona Park,4,20,70.75,5.62,9.29
Bronx,City Island,19,20,48.0,14.52,49.62
Brooklyn,Columbia Street,16,20,20.7,3.45,22.32
Bronx,Riverdale/North Riverdale/Fieldston,3,20,41.75,14.02,43.65
Bronx,Soundview/Bruckner,21,20,28.74,6.79,29.1
Queens,Ridgewood,2,20,35.19,5.66,15.33
Queens,Queensboro Hill,6,20,35.94,9.2,51.11
Queens,College Point,6,20,41.3,11.15,59.19
Manhattan,Battery Park,7,20,16.51,2.98,13.05
Queens,Whitestone,15,20,37.51,8.63,47.6
Queens,Saint Michaels Cemetery/Woodside,0,20,59.39,6.3,13.54
Manhattan,Inwood Hill Park,19,20,36.55,9.66,40.29
Queens,East Flushing,13,20,41.1,11.16,51.05
Brooklyn,Crown Heights South,0,20,20.5,3.92,19.47
Bronx,Claremont/Bathgate,23,19,36.48,10.72,36.65
Manhattan,Battery Park,0,19,21.53,4.27,16.69
Bronx,Allerton/Pelham Gardens,4,19,48.5,15.6,56.79
Bronx,Bronx Park,13,19,43.02,11.63,51.74
Queens,Springfield Gardens North,23,19,38.19,12.28,37.77
Bronx,Highbridge,23,19,39.8,8.51,25.93
Brooklyn,Prospect-Lefferts Gardens,1,19,18.36,2.73,12.81
Brooklyn,Gowanus,0,19,22.03,3.22,12.33
Queens,Flushing Meadows-Corona Park,2,19,93.79,10.62,18.72
Brooklyn,Cypress Hills,2,19,43.19,14.15,39.56
Bronx,Van Cortlandt Park,15,19,45.74,13.38,70.14
Brooklyn,Clinton Hill,3,19,29.91,5.48,17.92
Queens,Bay Terrace/Fort Totten,17,19,38.21,9.9,55.84
Brooklyn,DUMBO/Vinegar Hill,3,19,41.45,10.44,27.01
Queens,Corona,0,19,48.84,7.55,18.97
Brooklyn,Ocean Parkway South,5,19,37.71,10.84,48.22
Queens,Oakland Gardens,15,19,43.84,12.08,60.48
Brooklyn,Homecrest,21,19,37.5,9.44,39.35
Bronx,Parkchester,23,19,45.8,14.04,46.05
Brooklyn,South Williamsburg,2,19,27.14,5.24,15.78
Queens,Oakland Gardens,14,19,35.56,8.77,41.21
Queens,Auburndale,18,19,38.91,9.56,41.62
Queens,Jamaica Estates,21,19,43.44,9.87,34.38
Bronx,Soundview/Castle Hill,23,19,33.41,8.43,31.58
Bronx,City Island,13,19,51.39,14.34,69.6
Brooklyn,Brooklyn Navy Yard,17,19,24.98,4.25,25.73
Queens,Bellerose,19,19,30.27,7.71,30.15
Brooklyn,Brooklyn Navy Yard,12,19,23.39,4.34,24.76
Queens,Jamaica Estates,20,18,41.41,11.16,40.51
Bronx,Woodlawn/Wakefield,22,18,47.94,14.23,51.29
Bronx,Mount Hope,3,18,34.59,8.65,36.32
Brooklyn,Bensonhurst East,19,18,40.33,9.95,51.99
Queens,Bayside,5,18,45.84,13.55,40.1
Manhattan,Marble Hill,17,18,31.22,7.75,42.09
Queens,North Corona,19,18,32.31,7.88,36.14
Brooklyn,South Williamsburg,1,18,15.98,2.46,10.78
Manhattan,Inwood Hill Park,11,18,25.74,5.07,27.21
Queens,Rosedale,23,18,69.52,12.52,27.31
Queens,Far Rockaway,23,18,48.59,14.5,53.87
Manhattan,Inwood Hill Park,23,18,47.81,14.26,50.69
Bronx,City Island,11,18,44.26,12.73,52.93
Brooklyn,East Flatbush/Farragut,22,18,39.78,11.6,46.68
EWR,Newark Airport,14,18,85.87,8.62,24.4
Bronx,Bronx Park,17,18,39.66,10.75,52.88
Bronx,Schuylerville/Edgewater Park,23,18,50.55,12.4,34.72
Manhattan,Inwood Hill Park,17,18,36.94,8.56,42.34
Manhattan,Inwood Hill Park,10,18,30.67,6.02,32.25
Queens,Rego Park,23,18,47.58,6.45,16.61
Queens,Springfield Gardens North,0,18,39.97,12.31,37.78
Queens,Glen Oaks,18,18,48.72,10.53,37.74
Bronx,West Concourse,2,18,24.69,5.25,15.47
Queens,Queensbridge/Ravenswood,3,18,13.92,2.35,10.76
Queens,Douglaston,13,18,41.74,12.59,45.11
Brooklyn,East New York,2,18,31.08,5.89,24.14
Queens,Douglaston,15,18,50.2,13.96,61.21
Manhattan,Randalls Island,20,18,46.07,6.22,26.13
Queens,Oakland Gardens,13,17,43.33,11.68,44.5
Queens,Kew Gardens,0,17,44.11,7.72,18.2
Bronx,Spuyten Duyvil/Kingsbridge,4,17,46.77,14.01,51.23
Brooklyn,Flatbush/Ditmas Park,1,17,37.43,4.58,18.0
Brooklyn,Brooklyn Navy Yard,0,17,24.19,4.2,17.29
Brooklyn,Brooklyn Heights,4,17,28.51,7.53,20.51
Queens,Whitestone,20,17,47.48,11.26,31.34
Bronx,West Farms/Bronx River,3,17,36.11,9.06,30.28
Brooklyn,Borough Park,4,17,32.88,7.65,38.42
Queens,Cambria Heights,23,17,45.41,13.26,41.73
Queens,Auburndale,5,17,37.91,10.44,36.68
Queens,Glendale,21,17,34.62,9.25,47.05
Manhattan,Inwood,3,17,24.62,5.56,19.57
Brooklyn,Crown Heights South,23,17,19.34,4.06,21.33
Brooklyn,Brighton Beach,23,17,36.12,7.43,33.15
Brooklyn,Prospect Heights,2,17,22.93,4.47,15.95
Queens,Forest Hills,1,17,24.28,5.18,14.14
Queens,Laurelton,21,17,46.41,14.01,44.42
Queens,Douglaston,11,17,73.65,13.57,45.64
Queens,Elmhurst/Maspeth,23,17,29.0,4.86,18.31
Brooklyn,Columbia Street,13,17,33.58,4.29,24.9
Queens,East Flushing,15,17,38.01,10.31,58.25
Bronx,Highbridge,3,17,37.92,10.67,32.26
Bronx,Melrose South,3,17,25.36,4.88,23.11
Bronx,Fordham South,21,17,40.96,10.45,46.43
Manhattan,Highbridge Park,10,17,30.04,7.24,38.89
EWR,Newark Airport,18,17,86.37,9.38,24.29
Queens,Kew Gardens Hills,21,17,37.07,10.52,47.69
Brooklyn,Brooklyn Navy Yard,6,17,45.41,5.75,20.99
EWR,Newark Airport,19,16,124.68,9.32,18.17
Queens,Hammels/Arverne,23,16,46.2,12.49,51.28
Brooklyn,Bensonhurst East,21,16,43.51,12.67,47.76
Brooklyn,Bensonhurst West,20,16,41.08,10.05,44.13
Bronx,Pelham Parkway,4,16,42.32,12.18,42.32
Brooklyn,Manhattan Beach,20,16,59.08,14.36,41.76
Queens,Fresh Meadows,19,16,42.56,11.43,48.84
Queens,Fresh Meadows,18,16,43.19,13.18,59.96
Queens,Jamaica Estates,4,16,50.94,12.87,48.14
Brooklyn,East New York/Pennsylvania Avenue,23,16,40.69,10.62,37.91
Bronx,Van Cortlandt Park,16,16,43.14,10.87,69.88
Queens,Middle Village,20,16,46.99,7.39,21.81
Queens,Briarwood/Jamaica Hills,4,16,58.19,11.03,34.3
Queens,Fresh Meadows,16,16,79.51,11.15,52.58
Brooklyn,Cypress Hills,0,16,39.54,9.31,25.1
Brooklyn,Marine Park/Floyd Bennett Field,13,16,40.18,8.71,30.27
Queens,East Flushing,6,16,39.31,10.26,49.48
Brooklyn,Bensonhurst East,3,16,25.88,5.28,23.7
Bronx,Allerton/Pelham Gardens,3,16,46.32,14.56,47.23
Queens,Hollis,20,16,47.64,12.83,54.29
Queens,Laurelton,3,16,52.06,15.46,45.46
Queens,Queensboro Hill,22,16,41.66,11.82,51.61
Queens,Middle Village,3,16,37.84,10.45,30.5
EWR,Newark Airport,13,16,103.97,10.69,23.9
Brooklyn,Prospect Park,21,16,17.33,3.15,16.74
Queens,Bayside,17,16,40.18,11.52,58.62
Bronx,Fordham South,4,16,36.42,9.62,37.34
Brooklyn,Brooklyn Navy Yard,11,16,24.88,4.73,25.98
Bronx,Highbridge,22,16,41.41,7.81,29.28
Brooklyn,Marine Park/Floyd Bennett Field,21,16,31.42,8.29,15.97
Brooklyn,Sheepshead Bay,21,16,42.56,10.51,55.1
Queens,Elmhurst/Maspeth,3,16,39.07,3.98,10.52
Brooklyn,Coney Island,23,16,44.75,13.56,40.22
Bronx,Country Club,7,16,35.69,10.04,54.47
Queens,Forest Park/Highland Park,12,16,41.28,9.71,38.18
Queens,Douglaston,6,16,45.82,13.23,48.89
Queens,Flushing Meadows-Corona Park,3,16,70.96,8.0,11.07
Queens,Murray Hill-Queens,6,16,39.69,10.2,63.73
Bronx,Van Cortlandt Park,18,15,45.05,13.51,53.43
Bronx,Van Cortlandt Park,17,15,42.88,10.72,45.24
Brooklyn,Gowanus,1,15,28.53,6.27,25.29
Manhattan,Inwood,2,15,27.31,5.69,17.88
Queens,Queensboro Hill,19,15,33.59,7.55,28.06
Bronx,Fordham South,0,15,31.66,8.18,43.06
Bronx,Country Club,9,15,33.02,8.27,38.37
Queens,Ridgewood,22,15,31.77,8.29,33.57
Queens,Middle Village,21,15,31.47,7.23,24.09
Queens,Cambria Heights,21,15,60.27,16.69,42.2
Brooklyn,Erasmus,23,15,57.65,6.45,29.27
Bronx,West Concourse,1,15,22.13,3.89,14.54
Brooklyn,Columbia Street,18,15,23.87,4.32,23.79
Bronx,Norwood,21,15,34.71,9.39,33.02
Queens,Cambria Heights,22,15,48.55,12.54,39.43
Queens,Whitestone,16,15,34.99,9.38,42.02
Brooklyn,Brighton Beach,21,15,42.15,11.61,49.11
Bronx,Pelham Parkway,22,15,36.41,10.34,37.43
Queens,Flushing,23,15,64.85,9.52,22.4
Bronx,East Concourse/Concourse Village,0,15,17.46,3.77,13.13
Manhattan,Inwood Hill Park,18,15,30.85,7.28,41.26
Queens,Kew Gardens,4,15,72.95,4.36,11.73
Queens,Forest Park/Highland Park,7,15,38.67,8.7,59.24
Brooklyn,Marine Park/Mill Basin,23,15,34.46,8.57,25.14
Queens,Rockaway Park,21,15,62.13,18.59,55.08
Manhattan,Highbridge Park,9,15,24.06,4.01,24.23
Queens,Forest Park/Highland Park,13,15,29.37,4.35,25.43
Bronx,Bronx Park,20,15,44.93,12.03,38.37
Bronx,Riverdale/North Riverdale/Fieldston,20,15,42.82,12.71,39.71
Bronx,Crotona Park East,22,15,44.41,13.71,44.81
Queens,Laurelton,22,15,47.57,15.27,54.53
Bronx,Country Club,14,15,38.59,12.11,57.48
Bronx,Bronx Park,5,15,43.3,13.33,48.56
Bronx,Westchester Village/Unionport,21,15,42.15,12.51,49.19
Queens,Bay Terrace/Fort Totten,18,15,38.98,10.63,53.07
Brooklyn,South Williamsburg,4,15,31.39,5.22,24.63
Brooklyn,East Flatbush/Farragut,0,15,41.99,5.73,30.63
Manhattan,Roosevelt Island,4,15,74.75,11.74,24.04
Bronx,City Island,17,15,52.3,14.74,65.36
Manhattan,Marble Hill,16,15,29.47,7.0,40.45
Queens,Rego Park,4,15,40.12,7.09,21.73
Brooklyn,Columbia Street,6,15,35.74,7.6,37.36
Manhattan,Marble Hill,19,15,34.94,9.39,42.88
Manhattan,Randalls Island,22,15,42.17,4.47,14.18
Manhattan,Marble Hill,20,14,30.27,7.52,35.52
Bronx,Schuylerville/Edgewater Park,4,14,42.71,12.86,51.61
Brooklyn,Columbia Street,21,14,22.71,6.24,19.02
Brooklyn,Columbia Street,15,14,19.55,3.51,20.36
Queens,East Flushing,16,14,42.54,10.51,62.68
Queens,East Flushing,19,14,43.03,12.15,46.05
Bronx,Hunts Point,4,14,44.07,12.03,34.78
Brooklyn,Cobble Hill,1,14,12.26,2.09,8.93
Brooklyn,Bensonhurst West,22,14,23.48,5.87,23.54
Brooklyn,Bensonhurst East,22,14,48.46,11.26,48.82
Bronx,Country Club,6,14,38.36,11.26,60.85
Queens,Douglaston,20,14,45.46,8.52,22.92
Bronx,Fordham South,20,14,40.16,11.32,52.1
Bronx,City Island,9,14,43.63,12.73,65.43
EWR,Newark Airport,17,14,70.46,7.35,23.64
Brooklyn,Bath Beach,19,14,39.11,10.87,45.37
Bronx,East Concourse/Concourse Village,1,14,20.84,4.3,16.99
Bronx,Williamsbridge/Olinville,0,14,43.44,13.29,44.49
Bronx,Williamsbridge/Olinville,3,14,50.24,15.48,50.77
Bronx,Bronx Park,12,14,51.92,14.41,54.15
Queens,Saint Michaels Cemetery/Woodside,8,14,54.85,4.81,19.13
Queens,East Flushing,14,14,35.47,9.35,62.25
Bronx,Highbridge,0,14,28.2,6.76,20.76
Brooklyn,Brooklyn Heights,3,14,56.51,10.2,23.59
Brooklyn,East Flatbush/Farragut,23,14,36.66,9.58,37.92
Brooklyn,East Flatbush/Remsen Village,0,14,32.31,7.44,30.89
Brooklyn,Ocean Parkway South,18,14,28.61,5.98,35.08
Brooklyn,East New York/Pennsylvania Avenue,0,14,31.75,8.34,28.66
Queens,Glen Oaks,20,14,47.9,14.47,49.72
Queens,North Corona,20,14,40.99,8.42,33.25
Queens,Queens Village,0,14,47.92,13.1,36.5
Queens,Glen Oaks,19,13,37.72,9.06,43.44
Brooklyn,Erasmus,3,13,27.29,5.74,28.21
Queens,Far Rockaway,0,13,41.57,11.85,39.1
Staten Island,Arrochar/Fort Wadsworth,17,13,0.01,7.71,18.93
Brooklyn,Columbia Street,20,13,31.36,6.68,21.99
Brooklyn,Carroll Gardens,5,13,20.05,3.35,17.65
Brooklyn,Columbia Street,23,13,15.7,4.62,15.44
Bronx,Claremont/Bathgate,0,13,40.18,11.18,42.25
Queens,Whitestone,22,13,33.22,9.77,30.31
Queens,Flushing,3,13,30.22,4.44,22.96
Brooklyn,Bensonhurst West,21,13,41.22,5.35,23.26
Queens,Kew Gardens Hills,20,13,44.31,10.58,39.68
Bronx,Pelham Parkway,3,13,45.74,13.33,43.39
Brooklyn,Canarsie,2,13,43.71,10.84,40.43
Bronx,Country Club,10,13,34.66,9.22,46.43
Queens,Glendale,20,13,30.88,6.74,29.11
Bronx,Mount Hope,0,13,24.02,5.96,18.24
Queens,College Point,0,13,36.53,9.09,20.78
Queens,Auburndale,4,13,38.12,11.02,49.66
Bronx,Country Club,17,13,35.85,10.25,49.75
Bronx,Mount Hope,23,13,41.32,9.32,30.37
Bronx,City Island,8,13,44.42,13.05,60.92
Bronx,Bedford Park,23,13,39.65,10.55,35.43
Bronx,Belmont,4,13,39.32,12.93,52.16
Manhattan,Battery Park,1,13,22.58,3.67,13.91
Queens,South Jamaica,3,13,44.37,12.09,37.69
Brooklyn,Gravesend,23,13,55.58,14.67,53.54
Queens,Hollis,21,13,45.15,13.2,44.47
Manhattan,Inwood Hill Park,16,13,37.92,10.86,61.54
Brooklyn,Brooklyn Navy Yard,22,13,20.05,3.71,18.95
Queens,Rosedale,3,13,69.12,15.45,54.58
Brooklyn,Marine Park/Floyd Bennett Field,20,13,33.09,6.18,12.77
Brooklyn,Prospect Heights,3,13,20.47,3.42,16.74
Queens,Bayside,18,13,32.45,8.43,29.78
Queens,Corona,3,13,38.26,6.23,23.78
Queens,Corona,1,13,39.26,5.12,14.59
Brooklyn,Prospect Park,0,13,18.02,3.19,14.81
Bronx,Allerton/Pelham Gardens,23,13,36.1,10.65,29.94
Queens,Richmond Hill,1,13,31.98,5.56,14.98
Queens,North Corona,22,13,36.61,7.44,21.41
Brooklyn,Sheepshead Bay,22,12,45.1,12.0,34.56
Queens,Middle Village,0,12,25.53,3.76,14.96
Bronx,Schuylerville/Edgewater Park,0,12,35.65,8.74,21.92
Brooklyn,Marine Park/Floyd Bennett Field,15,12,63.25,14.21,38.87
Brooklyn,Brighton Beach,22,12,30.92,7.73,36.02
Queens,Queensboro Hill,18,12,37.19,10.24,47.47
Manhattan,Marble Hill,18,12,31.01,7.21,39.57
Queens,Douglaston,17,12,61.25,16.02,62.62
Bronx,City Island,20,12,47.0,14.54,57.52
Staten Island,Arrochar/Fort Wadsworth,14,12,3.18,7.66,17.18
Brooklyn,Red Hook,23,12,28.41,8.82,25.82
Bronx,Bronx Park,10,12,40.12,9.4,39.81
EWR,Newark Airport,0,12,91.48,20.42,35.9
Bronx,Bronx Park,11,12,32.73,7.91,38.36
Brooklyn,South Williamsburg,3,12,51.2,5.94,27.74
Queens,Rego Park,0,12,53.06,6.68,14.94
Brooklyn,Brighton Beach,4,12,47.5,14.17,51.02
Brooklyn,Marine Park/Floyd Bennett Field,9,12,30.43,7.15,24.06
Bronx,Van Cortlandt Park,14,12,42.34,12.01,59.4
Queens,Fresh Meadows,21,12,37.48,10.42,43.49
Brooklyn,Dyker Heights,21,12,34.58,8.48,24.93
Bronx,Crotona Park,6,12,31.51,7.35,49.7
Brooklyn,Flatlands,1,12,36.81,10.27,37.38
Brooklyn,East New York/Pennsylvania Avenue,3,12,42.85,13.06,43.52
Bronx,Kingsbridge Heights,23,12,23.43,5.18,24.03
Queens,Auburndale,16,12,41.33,10.22,50.36
Queens,Auburndale,6,12,47.08,13.69,84.44
Brooklyn,Marine Park/Floyd Bennett Field,22,12,45.19,9.62,16.44
Bronx,Melrose South,1,12,14.73,2.37,11.52
Bronx,City Island,14,12,47.02,12.52,61.21
Manhattan,Inwood Hill Park,9,12,33.25,8.64,43.47
Queens,East Flushing,23,12,37.0,10.01,44.25
Brooklyn,Kensington,21,12,41.88,11.36,49.15
Queens,Elmhurst/Maspeth,1,12,16.75,2.14,9.34
Brooklyn,Bay Ridge,2,12,13.12,3.14,6.54
Brooklyn,Brooklyn Navy Yard,23,12,26.4,4.33,18.73
Bronx,Van Cortlandt Village,23,12,47.51,14.29,53.75
Brooklyn,Windsor Terrace,21,12,25.03,4.56,19.25
Queens,Saint Albans,1,12,41.23,11.75,36.55
Bronx,Norwood,0,12,46.67,14.43,34.72
Queens,Rockaway Park,4,12,63.92,20.0,78.14
Brooklyn,Kensington,20,12,33.23,8.63,37.59
Queens,Saint Michaels Cemetery/Woodside,7,12,55.92,4.3,19.05
Queens,Forest Park/Highland Park,11,12,42.45,7.44,44.25
Manhattan,Highbridge Park,8,12,26.44,4.1,25.54
Manhattan,Highbridge Park,14,12,37.28,6.76,30.96
Queens,Douglaston,8,11,50.27,14.45,62.06
Queens,Douglaston,5,11,45.82,14.66,47.54
Queens,East Flushing,17,11,35.24,12.28,59.8
Queens,Flushing,4,11,26.78,6.55,21.0
Brooklyn,Ocean Hill,3,11,51.05,11.89,45.9
Brooklyn,Columbia Street,22,11,16.46,4.26,17.07
Bronx,Bronx Park,18,11,44.93,12.3,48.63
Queens,Forest Hills,3,11,35.73,8.3,25.47
Brooklyn,Red Hook,0,11,35.79,8.63,27.44
Brooklyn,Red Hook,3,11,21.59,6.07,20.83
Queens,Rosedale,22,11,70.85,15.75,39.39
Bronx,Longwood,21,11,32.09,9.22,46.59
Queens,Bay Terrace/Fort Totten,20,11,44.82,10.76,34.86
Queens,North Corona,4,11,31.0,7.37,26.84
Bronx,Bronx Park,8,11,37.05,13.11,61.58
Bronx,City Island,12,11,46.14,14.93,56.97
Queens,Elmhurst/Maspeth,2,11,24.25,3.18,10.9
Brooklyn,Brooklyn Navy Yard,21,11,28.35,4.95,22.15
Queens,Forest Park/Highland Park,17,11,43.01,7.48,42.28
Queens,Glendale,3,11,25.89,5.49,34.52
Brooklyn,Gravesend,22,11,42.91,11.65,44.15
Brooklyn,Crown Heights South,2,11,24.59,4.89,20.33
Brooklyn,Midwood,22,11,30.1,6.43,34.78
Brooklyn,Ocean Hill,2,11,51.38,9.97,45.73
Queens,Whitestone,21,11,37.35,8.83,26.39
Queens,Forest Park/Highland Park,10,11,49.45,15.26,60.23
Bronx,Country Club,12,11,43.77,13.75,59.34
Brooklyn,Marine Park/Floyd Bennett Field,11,11,38.86,5.33,30.53
Bronx,Country Club,5,11,44.23,13.35,40.05
Bronx,West Concourse,3,11,29.47,6.24,16.88
Brooklyn,Borough Park,22,11,25.02,5.06,26.76
Brooklyn,Borough Park,23,11,24.19,4.79,27.1
Queens,Jamaica Estates,22,11,46.12,8.52,25.18
Staten Island,Arrochar/Fort Wadsworth,13,11,0.01,8.05,17.36
Queens,Ozone Park,1,10,53.43,6.09,32.13
Brooklyn,Williamsburg (North Side),6,10,27.97,5.5,22.64
Queens,Ozone Park,23,10,44.68,8.7,33.95
Queens,Middle Village,22,10,43.13,8.97,27.43
Bronx,Allerton/Pelham Gardens,22,10,38.1,9.74,35.3
Queens,Kew Gardens,2,10,27.98,4.9,13.91
Bronx,Soundview/Castle Hill,3,10,37.2,9.86,36.82
Bronx,Soundview/Castle Hill,0,10,25.97,6.34,17.93
Brooklyn,Brooklyn Navy Yard,20,10,31.48,8.07,32.75
Bronx,Claremont/Bathgate,1,10,29.56,7.71,28.27
Bronx,Crotona Park,8,10,41.6,11.65,59.1
Brooklyn,Kensington,4,10,38.47,10.03,38.11
Bronx,Morrisania/Melrose,2,10,32.75,8.18,26.12
Bronx,Soundview/Bruckner,3,10,30.21,8.19,29.79
Brooklyn,Bensonhurst West,3,10,34.06,8.8,32.8
Bronx,Pelham Bay,19,10,48.1,16.25,52.45
Brooklyn,Madison,20,10,34.15,7.05,44.8
Queens,Rockaway Park,22,10,58.62,14.5,72.38
Bronx,East Concourse/Concourse Village,3,10,28.96,6.84,29.07
Brooklyn,Brooklyn Navy Yard,10,10,22.19,3.7,25.84
Brooklyn,Crown Heights South,1,10,14.69,2.49,11.98
Bronx,East Tremont,0,10,16.31,2.65,11.08
Bronx,Pelham Bay,20,10,42.11,12.49,49.71
Brooklyn,Marine Park/Floyd Bennett Field,12,10,57.45,11.06,42.72
Brooklyn,Marine Park/Mill Basin,4,10,44.8,12.21,54.79
Bronx,Pelham Bay Park,9,10,35.6,9.39,33.16
Queens,Flushing,0,10,65.52,5.39,12.89
Queens,Richmond Hill,2,10,25.17,3.93,11.63
Bronx,Country Club,11,10,39.0,12.0,48.08
Queens,Murray Hill-Queens,5,10,31.18,8.73,25.13
Brooklyn,Gravesend,4,10,41.0,11.28,38.1
Brooklyn,Gravesend,3,10,26.2,5.67,22.88
Bronx,Longwood,0,10,117.7,8.23,24.99
Manhattan,Highbridge Park,13,10,42.52,10.28,41.76
EWR,Newark Airport,21,10,79.42,13.18,26.34
Brooklyn,Windsor Terrace,0,10,23.87,3.19,13.25
Queens,Douglaston,18,10,41.79,11.86,41.89
Brooklyn,Erasmus,0,10,22.63,4.24,19.62
Queens,Bellerose,23,10,55.83,12.4,26.73
Manhattan,Highbridge Park,11,10,33.15,5.04,33.26
Brooklyn,Sunset Park East,22,10,41.13,10.73,46.54
Queens,Springfield Gardens North,2,10,42.19,13.96,47.06
Bronx,Pelham Bay Park,8,10,35.6,10.06,48.56
Queens,Glen Oaks,7,10,46.41,12.98,53.8
Bronx,Bronx Park,16,10,42.17,9.72,43.03
Manhattan,Inwood Hill Park,5,10,47.45,12.83,55.1
Queens,Forest Park/Highland Park,9,10,30.14,7.18,37.93
Brooklyn,Prospect Park,22,10,27.64,6.04,26.76
Queens,Forest Park/Highland Park,14,10,38.68,8.22,37.64
Bronx,Co-Op City,0,10,37.54,10.65,28.11
Bronx,Soundview/Bruckner,0,10,20.67,3.72,21.96
Brooklyn,Dyker Heights,1,10,10.67,2.81,7.98
Queens,Laurelton,23,10,46.29,12.42,41.2
Queens,Corona,2,9,43.12,5.87,12.52
Bronx,Riverdale/North Riverdale/Fieldston,22,9,42.46,11.69,39.41
Bronx,City Island,21,9,47.79,14.62,40.29
Staten Island,South Beach/Dongan Hills,15,9,17.14,11.32,50.14
Queens,Astoria Park,16,9,56.07,4.41,17.8
Brooklyn,Carroll Gardens,2,9,18.66,3.87,14.33
Manhattan,Roosevelt Island,3,9,52.44,8.35,17.79
Manhattan,Randalls Island,0,9,62.42,5.05,12.37
Queens,Rego Park,3,9,16.29,2.04,8.89
Queens,North Corona,23,9,18.24,3.83,12.5
Manhattan,Highbridge Park,12,9,45.58,8.73,33.77
Queens,Bellerose,20,9,33.79,9.86,35.21
Queens,Douglaston,19,9,43.06,9.67,22.25
Queens,Hammels/Arverne,0,9,50.39,16.23,58.52
Queens,Forest Park/Highland Park,23,9,34.06,5.66,12.45
Queens,Fresh Meadows,4,9,71.16,17.34,47.8
Brooklyn,Red Hook,1,9,31.95,6.28,22.84
Queens,Saint Michaels Cemetery/Woodside,5,9,53.28,2.38,11.17
Manhattan,Highbridge Park,17,9,27.88,6.15,29.85
Bronx,Riverdale/North Riverdale/Fieldston,0,9,34.23,8.51,21.89
Queens,Flushing,1,9,26.57,6.21,16.37
Queens,Flushing,2,9,47.58,8.96,19.1
Bronx,Bedford Park,3,9,36.59,11.02,31.79
Brooklyn,Bensonhurst East,23,9,27.81,6.32,24.17
Bronx,Morrisania/Melrose,0,9,26.02,5.35,21.04
EWR,Newark Airport,10,9,63.94,10.88,22.55
Bronx,Highbridge,1,9,39.12,11.27,30.66
EWR,Newark Airport,23,9,93.36,17.06,31.88
Brooklyn,Canarsie,1,9,35.61,9.44,37.04
Bronx,Country Club,21,9,35.84,10.31,39.08
Brooklyn,Brownsville,2,9,41.48,12.77,34.59
Queens,Rosedale,0,9,57.42,14.06,30.48
Brooklyn,Bensonhurst West,23,9,18.38,3.02,17.42
Bronx,Country Club,8,9,41.84,10.83,56.49
Brooklyn,Brooklyn Navy Yard,9,9,22.93,4.16,23.75
Brooklyn,Brooklyn Navy Yard,8,9,15.47,2.26,19.09
Bronx,Eastchester,0,9,33.7,8.55,27.4
Bronx,Pelham Parkway,23,9,27.49,6.07,22.32
Brooklyn,Madison,21,9,30.0,6.33,32.7
Bronx,East Tremont,1,9,33.51,9.16,38.22
Queens,Bay Terrace/Fort Totten,5,9,49.72,13.9,53.83
Bronx,Soundview/Castle Hill,1,9,42.27,11.67,23.71
Brooklyn,Kensington,22,9,27.37,6.69,25.18
Bronx,Woodlawn/Wakefield,23,9,45.8,13.54,52.49
Brooklyn,Prospect Park,5,9,34.07,9.68,40.55
Bronx,Riverdale/North Riverdale/Fieldston,21,9,39.48,9.17,30.86
Queens,Rockaway Park,0,9,50.53,16.08,42.94
Brooklyn,Cobble Hill,5,9,27.88,6.61,16.14
Queens,Bay Terrace/Fort Totten,19,9,40.06,11.17,40.99
Bronx,West Farms/Bronx River,23,9,27.96,7.09,21.79
Bronx,Country Club,16,9,41.88,11.45,50.11
Brooklyn,Columbia Street,0,9,15.46,6.36,18.86
Queens,Howard Beach,1,9,56.1,12.36,22.14
Brooklyn,Windsor Terrace,23,9,17.47,3.32,13.61
Queens,Whitestone,6,9,41.06,10.38,69.19
Staten Island,Arrochar/Fort Wadsworth,10,8,0.01,5.84,18.61
Bronx,Co-Op City,3,8,46.38,13.92,53.48
Queens,Far Rockaway,3,8,56.06,17.97,60.52
Bronx,University Heights/Morris Heights,0,8,40.54,5.56,16.84
Queens,Auburndale,17,8,43.5,11.33,53.1
Queens,Murray Hill-Queens,19,8,34.94,9.43,60.47
Staten Island,South Beach/Dongan Hills,20,8,3.88,0.28,1.2
Bronx,Van Cortlandt Park,19,8,45.25,13.7,46.37
Queens,Middle Village,23,8,49.44,4.33,16.5
Bronx,Allerton/Pelham Gardens,20,8,40.88,11.05,38.58
Brooklyn,Ocean Parkway South,19,8,22.86,4.07,24.93
Queens,Astoria Park,18,8,48.32,4.64,18.37
Brooklyn,Marine Park/Floyd Bennett Field,16,8,29.44,7.29,35.3
Bronx,East Tremont,2,8,29.99,8.53,22.02
Brooklyn,Marine Park/Floyd Bennett Field,8,8,43.59,11.67,62.2
Brooklyn,Marine Park/Floyd Bennett Field,23,8,37.74,9.73,14.43
Bronx,Van Nest/Morris Park,1,8,37.55,8.53,17.14
Brooklyn,Kensington,0,8,26.0,3.24,13.85
Brooklyn,Kensington,2,8,41.25,11.24,32.32
EWR,Newark Airport,9,8,70.66,8.76,17.29
Brooklyn,Dyker Heights,0,8,7.94,4.21,11.1
Brooklyn,East Flatbush/Farragut,1,8,19.22,4.23,17.81
Bronx,Bronx Park,7,8,32.1,7.8,46.94
Bronx,Bronxdale,23,8,33.12,7.28,28.47
Brooklyn,Kensington,23,8,29.59,4.45,12.03
Bronx,Soundview/Bruckner,23,8,39.5,11.29,43.39
Queens,Forest Hills,2,8,33.89,6.47,18.88
Queens,Whitestone,0,8,57.95,10.12,18.49
Queens,Whitestone,23,8,33.53,8.7,19.47
Brooklyn,Windsor Terrace,22,8,15.6,2.68,13.68
Brooklyn,Columbia Street,1,8,5.83,8.62,20.49
Brooklyn,Dyker Heights,22,8,37.39,9.64,32.49
Brooklyn,Dyker Heights,23,8,17.38,6.28,17.18
Queens,Fresh Meadows,23,8,37.12,8.65,21.0
Queens,Forest Park/Highland Park,16,8,66.96,4.28,28.55
Queens,Forest Park/Highland Park,6,8,36.88,9.11,48.22
Queens,Forest Park/Highland Park,8,8,43.81,10.42,50.1
Bronx,Westchester Village/Unionport,3,8,36.88,13.4,44.06
Brooklyn,Homecrest,22,8,29.92,8.28,29.8
Bronx,Williamsbridge/Olinville,2,8,27.84,6.65,22.69
Queens,Saint Michaels Cemetery/Woodside,6,8,39.95,2.85,9.77
Manhattan,Highbridge Park,16,8,29.56,10.27,34.62
EWR,Newark Airport,5,8,69.82,5.09,16.47
Queens,Woodhaven,3,8,51.75,16.39,35.34
Queens,Hillcrest/Pomonok,23,8,35.35,9.27,27.66
Queens,North Corona,0,8,27.94,5.2,14.32
Bronx,Country Club,13,8,48.25,17.86,74.9
Brooklyn,Coney Island,1,8,60.59,14.32,34.83
Queens,Ozone Park,4,8,45.94,14.83,44.36
Staten Island,Arrochar/Fort Wadsworth,18,7,0.64,6.6,16.47
Queens,Astoria Park,22,7,63.27,3.64,8.72
Brooklyn,Carroll Gardens,3,7,19.35,2.31,9.0
Bronx,Parkchester,3,7,40.21,10.87,36.39
Bronx,City Island,18,7,54.21,15.81,66.49
Queens,Middle Village,5,7,36.21,8.47,34.6
Brooklyn,Sunset Park East,4,7,31.5,7.42,38.58
Bronx,Crotona Park,12,7,33.79,8.56,39.1
Queens,North Corona,1,7,9.6,1.64,6.76
Brooklyn,Homecrest,4,7,31.16,8.93,40.57
Queens,Hollis,3,7,40.36,11.09,35.05
Queens,Rego Park,2,7,28.06,3.75,11.62
EWR,Newark Airport,8,7,82.36,4.03,13.83
EWR,Newark Airport,11,7,84.91,12.85,33.41
Brooklyn,Starrett City,0,7,44.43,10.57,32.87
Queens,Kew Gardens,1,7,20.65,5.29,12.59
Queens,Kew Gardens,3,7,47.62,5.03,9.52
Queens,Middle Village,2,7,45.13,5.0,15.93
Queens,Astoria Park,12,7,42.41,7.07,26.05
Brooklyn,Marine Park/Mill Basin,22,7,34.7,5.85,27.7
Brooklyn,Brooklyn Navy Yard,7,7,22.91,3.48,17.53
Bronx,Pelham Bay,21,7,47.36,15.41,45.87
Manhattan,Battery Park,2,7,22.9,4.86,15.08
Brooklyn,Marine Park/Floyd Bennett Field,10,7,54.74,9.5,29.66
Bronx,Country Club,22,7,33.71,9.87,28.38
Brooklyn,Kensington,1,7,20.3,2.42,10.59
Queens,Bayside,21,7,32.6,7.44,20.89
Bronx,Country Club,18,7,39.0,9.96,39.19
Queens,Saint Albans,2,7,41.21,13.5,45.66
Queens,Saint Michaels Cemetery/Woodside,1,7,60.07,6.36,12.78
Queens,Queensboro Hill,23,7,41.3,9.78,31.0
Queens,Rosedale,2,7,54.5,11.91,39.68
Brooklyn,Bath Beach,22,7,96.19,3.32,16.48
Queens,Queensboro Hill,20,7,45.41,11.1,32.52
Queens,Queensboro Hill,21,7,37.22,11.22,36.22
Bronx,Melrose South,2,7,18.24,3.45,13.51
Brooklyn,Marine Park/Floyd Bennett Field,7,7,39.6,10.28,33.48
Brooklyn,Manhattan Beach,22,7,42.03,11.02,41.31
Brooklyn,Manhattan Beach,21,7,50.81,13.02,54.76
Queens,Briarwood/Jamaica Hills,3,7,74.08,8.73,15.83
Manhattan,Inwood Hill Park,20,7,44.19,13.33,49.76
Queens,Oakland Gardens,21,7,37.94,10.85,33.4
Manhattan,Inwood Hill Park,22,7,42.96,9.9,43.35
Bronx,Bronx Park,6,7,39.8,11.1,49.75
Queens,Oakland Gardens,3,7,37.64,11.83,34.82
Queens,College Point,5,7,38.93,10.81,38.88
Brooklyn,Coney Island,2,7,56.64,16.74,58.02
Bronx,Van Cortlandt Village,0,7,24.77,6.42,25.77
Bronx,Bedford Park,0,7,35.84,11.05,36.6
Queens,Whitestone,3,7,59.57,16.53,45.86
Queens,East Flushing,21,7,37.81,9.49,34.45
Manhattan,Marble Hill,22,7,39.7,12.05,38.07
Manhattan,Roosevelt Island,0,7,28.16,6.13,37.41
Bronx,Van Cortlandt Park,22,7,38.24,11.62,41.85
Bronx,Hunts Point,0,7,27.67,7.33,20.72
Queens,Glen Oaks,22,7,38.99,7.47,20.96
Queens,Glen Oaks,21,7,39.54,13.34,37.16
Bronx,Crotona Park East,1,7,18.23,3.33,12.09
Queens,Glendale,23,7,53.2,6.3,15.89
Queens,Briarwood/Jamaica Hills,2,7,48.19,9.18,18.69
Manhattan,Highbridge Park,18,7,30.91,6.51,37.61
Queens,Bellerose,21,7,53.67,4.14,8.6
Queens,Springfield Gardens North,1,7,42.14,10.77,50.57
Brooklyn,Gowanus,6,7,34.63,9.35,47.43
Queens,South Jamaica,2,7,60.4,11.51,23.16
Brooklyn,Gowanus,2,7,26.0,5.46,18.05
Staten Island,South Beach/Dongan Hills,17,6,7.92,9.5,27.5
Queens,Astoria Park,15,6,73.5,6.55,22.88
Queens,Astoria Park,19,6,68.93,6.82,19.08
Staten Island,Arrochar/Fort Wadsworth,0,6,0.01,1.63,3.78
Brooklyn,Marine Park/Mill Basin,0,6,56.3,10.4,22.86
Brooklyn,Sheepshead Bay,23,6,19.38,3.59,22.75
Queens,North Corona,3,6,20.47,3.89,12.54
Bronx,Williamsbridge/Olinville,1,6,21.73,4.46,17.58
Bronx,Woodlawn/Wakefield,0,6,30.83,7.76,23.84
Bronx,Crotona Park,7,6,44.5,13.27,76.38
Bronx,Claremont/Bathgate,3,6,34.27,7.19,21.73
Bronx,Country Club,20,6,76.3,19.12,38.38
Brooklyn,Bath Beach,4,6,32.5,9.73,43.33
Queens,Bayside,0,6,47.97,11.28,24.65
Brooklyn,Borough Park,0,6,30.13,8.16,23.31
Queens,Jamaica Estates,2,6,32.03,9.65,26.81
Queens,Jamaica Estates,0,6,53.88,6.8,20.22
Queens,Auburndale,22,6,40.08,14.31,39.76
Queens,Jamaica Estates,23,6,42.65,7.44,24.01
Queens,Auburndale,19,6,37.75,9.51,35.51
Queens,Astoria Park,14,6,61.93,7.67,22.53
EWR,Newark Airport,7,6,50.48,3.46,8.81
Brooklyn,Starrett City,1,6,37.25,9.15,30.17
Brooklyn,Starrett City,23,6,49.42,12.0,32.46
Queens,Rego Park,1,6,32.22,4.92,11.81
Brooklyn,Sunset Park East,0,6,24.59,8.62,21.14
Brooklyn,Carroll Gardens,4,6,46.7,13.84,35.9
Brooklyn,Ocean Parkway South,4,6,183.03,5.97,25.23
EWR,Newark Airport,20,6,132.87,3.92,9.93
Brooklyn,Midwood,3,6,23.2,4.28,24.98
EWR,Newark Airport,12,6,82.72,6.35,8.89
Queens,Murray Hill-Queens,21,6,50.33,14.06,45.46
Bronx,Crotona Park East,0,6,35.88,6.82,33.79
Brooklyn,Gowanus,4,6,22.75,5.46,22.57
Queens,Murray Hill-Queens,20,6,36.5,10.32,40.3
Bronx,Kingsbridge Heights,1,6,28.97,5.2,15.15
Brooklyn,East Flatbush/Remsen Village,2,6,36.5,10.62,40.78
Bronx,Fordham South,22,6,26.93,6.86,32.17
Manhattan,Inwood Hill Park,8,6,27.83,6.32,32.89
Queens,Oakland Gardens,19,6,51.0,14.7,58.36
Bronx,Pelham Parkway,1,6,30.42,3.52,10.05
Brooklyn,East Flatbush/Farragut,2,6,22.55,4.44,29.59
Bronx,Kingsbridge Heights,2,6,34.13,10.02,49.69
Queens,Forest Park/Highland Park,18,6,44.98,5.26,20.06
Queens,Forest Park/Highland Park,19,6,22.8,5.79,18.82
Bronx,Van Cortlandt Park,4,6,51.33,15.75,57.21
Bronx,Van Cortlandt Park,3,6,32.2,8.51,23.48
Bronx,Eastchester,2,6,48.83,14.13,38.07
Queens,East Flushing,20,6,39.0,10.58,35.75
Bronx,Bedford Park,1,6,23.43,4.46,19.6
Queens,Far Rockaway,2,6,60.33,17.58,61.83
Bronx,Eastchester,23,6,35.45,10.31,24.97
Queens,Far Rockaway,1,6,46.33,12.18,71.67
Queens,Woodhaven,0,6,20.1,4.24,15.65
Brooklyn,Prospect Park,23,6,21.57,3.93,16.37
Bronx,Bronx Park,21,6,54.78,13.66,50.93
Bronx,Bronx Park,19,6,53.07,13.65,48.04
Queens,Douglaston,7,6,53.03,13.23,57.65
Queens,Douglaston,21,6,28.72,5.19,11.88
Bronx,Bronxdale,0,6,32.03,7.49,24.19
Bronx,Bronxdale,1,6,26.4,6.3,25.88
Manhattan,Marble Hill,21,6,44.65,14.22,54.24
Bronx,Schuylerville/Edgewater Park,2,6,44.62,10.7,27.11
Queens,Woodhaven,23,6,41.2,11.14,39.19
Queens,Woodhaven,22,6,38.83,9.11,34.68
Bronx,Schuylerville/Edgewater Park,1,6,25.2,6.06,16.98
Queens,Ozone Park,0,6,36.75,9.95,21.66
Manhattan,Roosevelt Island,1,6,37.03,7.73,30.35
Staten Island,Arrochar/Fort Wadsworth,11,6,9.77,6.31,17.18
Staten Island,Heartland Village/Todt Hill,21,5,3.84,0.35,0.9
Manhattan,Inwood Hill Park,7,5,20.76,3.72,19.22
Queens,Bellerose,1,5,38.38,6.57,13.6
Queens,Bayside,23,5,36.22,6.81,15.4
Queens,Hollis,23,5,36.24,9.98,37.57
Brooklyn,Cobble Hill,2,5,8.04,1.06,6.16
Bronx,East Concourse/Concourse Village,2,5,22.98,6.22,16.85
Bronx,Crotona Park,11,5,45.3,13.18,90.63
Bronx,Woodlawn/Wakefield,3,5,26.72,6.22,23.44
Queens,Hammels/Arverne,2,5,46.5,11.22,48.69
Manhattan,Highbridge Park,7,5,29.7,5.9,33.32
Bronx,East Tremont,3,5,44.42,13.58,44.16
Bronx,Eastchester,1,5,73.42,11.84,26.37
Queens,East Flushing,5,5,40.5,10.94,50.51
Bronx,Soundview/Bruckner,2,5,38.54,11.3,35.05
Queens,Cambria Heights,1,5,55.98,11.51,20.1
Bronx,Van Cortlandt Park,20,5,42.9,13.94,58.3
Bronx,University Heights/Morris Heights,2,5,25.26,5.8,20.9
Queens,Astoria Park,11,5,41.5,6.62,34.38
Queens,Queens Village,1,5,37.78,10.74,29.29
Brooklyn,Bath Beach,20,5,43.7,11.18,33.93
Bronx,Country Club,15,5,36.5,8.58,38.72
Queens,Woodhaven,1,5,20.2,4.07,17.08
Queens,Bayside,3,5,21.62,4.43,11.93
Manhattan,Highbridge Park,21,5,25.54,8.87,36.02
Bronx,Fordham South,1,5,28.3,7.02,19.64
Queens,Jamaica Bay,18,5,46.94,11.87,31.92
Queens,Glen Oaks,23,5,41.8,7.66,18.41
Bronx,West Farms/Bronx River,2,5,15.72,3.32,11.22
Bronx,Kingsbridge Heights,0,5,21.16,3.68,17.15
Queens,Glendale,4,5,32.83,8.07,27.58
Queens,Glendale,1,5,26.48,5.25,20.91
Queens,Kew Gardens Hills,23,5,20.24,3.63,18.15
Bronx,Crotona Park East,23,5,39.14,13.38,49.11
Bronx,Pelham Parkway,0,5,33.52,8.1,17.44
Brooklyn,East New York/Pennsylvania Avenue,1,5,18.22,3.65,19.13
Brooklyn,East Flatbush/Remsen Village,1,5,28.56,6.11,22.29
Staten Island,Port Richmond,14,5,23.7,2.94,40.08
Queens,North Corona,2,5,39.98,9.41,18.53
Queens,Middle Village,1,5,21.94,4.4,18.69
Queens,Auburndale,23,5,43.3,12.82,40.41
Staten Island,Arrochar/Fort Wadsworth,8,5,19.39,9.21,57.07
Bronx,Pelham Bay,4,5,40.1,10.98,56.66
Staten Island,Arrochar/Fort Wadsworth,23,5,0.01,1.54,5.03
Staten Island,Arrochar/Fort Wadsworth,21,5,5.2,0.94,2.63
Bronx,Pelham Bay Park,12,5,41.36,13.17,40.35
Brooklyn,Flatlands,2,5,42.66,6.18,29.72
Bronx,Morrisania/Melrose,3,5,31.34,7.71,30.87
Brooklyn,Marine Park/Mill Basin,1,5,47.88,8.44,17.15
Brooklyn,Marine Park/Floyd Bennett Field,18,5,30.66,6.84,22.85
Bronx,Pelham Bay Park,16,5,50.62,10.48,46.98
Brooklyn,Midwood,23,5,30.22,8.5,28.06
Bronx,Parkchester,1,5,23.62,4.24,18.89
Bronx,Parkchester,0,5,24.22,5.39,24.18
Brooklyn,Windsor Terrace,1,5,23.7,4.43,13.93
EWR,Newark Airport,22,5,84.66,11.93,26.43
Queens,Astoria Park,9,5,62.2,6.21,17.08
Queens,Astoria Park,17,5,48.8,8.74,45.26
Queens,Queens Village,2,5,30.74,7.65,19.06
Staten Island,Great Kills,8,5,4.68,0.37,1.96
Staten Island,Oakwood,2,5,29.1,6.66,20.77
Staten Island,Oakwood,1,5,29.6,6.78,20.68
Staten Island,New Dorp/Midland Beach,21,5,4.26,0.22,1.74
Queens,Saint Michaels Cemetery/Woodside,4,5,62.0,2.9,5.35
Bronx,Allerton/Pelham Gardens,0,5,45.8,14.06,32.63
Staten Island,South Beach/Dongan Hills,14,5,0.01,5.62,57.3
Bronx,Highbridge,2,5,18.84,3.44,20.4
Bronx,Crotona Park,9,5,40.24,8.79,49.51
Staten Island,South Beach/Dongan Hills,21,5,3.98,0.24,1.3
Staten Island,Stapleton,21,4,52.12,5.87,12.93
Staten Island,South Beach/Dongan Hills,16,4,8.13,9.05,30.26
Manhattan,Highbridge Park,15,4,65.12,9.27,56.6
Queens,Bay Terrace/Fort Totten,21,4,35.72,9.09,18.76
Staten Island,New Dorp/Midland Beach,20,4,3.88,0.28,1.15
Queens,Astoria Park,8,4,36.58,4.93,11.11
Queens,Astoria Park,10,4,19.1,1.54,5.25
Brooklyn,Windsor Terrace,4,4,51.65,15.41,54.16
Queens,Astoria Park,20,4,67.88,5.66,17.48
Manhattan,Randalls Island,1,4,50.75,3.54,8.96
EWR,Newark Airport,6,4,110.72,4.55,21.83
Queens,Laurelton,0,4,11.58,2.03,9.13
Manhattan,Battery Park,6,4,24.0,5.82,11.92
Bronx,Morrisania/Melrose,1,4,11.95,1.24,8.13
Brooklyn,Sunset Park East,1,4,38.1,10.24,46.52
Queens,Astoria Park,23,4,54.61,4.35,8.65
Bronx,Pelham Bay,23,4,62.75,17.25,47.23
Queens,Auburndale,20,4,44.5,12.4,37.57
Brooklyn,Midwood,1,4,30.25,2.21,12.87
Queens,Breezy Point/Fort Tilden/Riis Beach,9,4,62.08,25.44,76.49
Queens,Breezy Point/Fort Tilden/Riis Beach,11,4,42.5,10.18,38.88
Staten Island,Arrochar/Fort Wadsworth,20,4,4.22,0.38,1.28
Brooklyn,Columbia Street,4,4,9.08,8.77,19.16
Queens,Jamaica Bay,9,4,47.58,15.38,46.1
Bronx,Belmont,0,4,26.62,1.0,5.98
Bronx,Belmont,1,4,26.45,5.29,15.02
Brooklyn,Midwood,0,4,20.75,2.19,24.21
Brooklyn,Sunset Park East,2,4,33.68,2.17,8.45
Bronx,Country Club,3,4,45.42,14.4,55.88
Brooklyn,Homecrest,1,4,21.32,3.84,12.2
Bronx,Hunts Point,2,4,34.2,7.26,40.81
Brooklyn,Dyker Heights,3,4,21.55,4.81,13.24
Bronx,Crotona Park,17,4,28.25,6.05,39.42
Bronx,Spuyten Duyvil/Kingsbridge,0,4,21.65,4.16,20.37
Brooklyn,Ocean Parkway South,23,4,24.45,5.48,21.69
Queens,Queensboro Hill,4,4,26.28,7.18,30.49
Bronx,Co-Op City,1,4,41.25,12.12,52.51
Bronx,Mount Hope,2,4,16.12,3.17,11.02
Staten Island,Arrochar/Fort Wadsworth,12,4,0.01,5.83,11.88
Queens,Cambria Heights,0,4,36.38,8.27,17.77
Bronx,Belmont,22,4,27.25,7.01,17.04
Brooklyn,Bath Beach,21,4,22.45,5.68,18.74
Queens,Howard Beach,3,4,40.35,9.49,28.81
Brooklyn,Ocean Parkway South,20,4,37.58,8.16,42.42
Bronx,Longwood,22,4,37.62,8.39,27.72
Brooklyn,Cypress Hills,1,4,47.85,12.01,30.35
Manhattan,Highbridge Park,23,4,20.82,4.48,15.52
Queens,Bay Terrace/Fort Totten,1,4,46.52,7.58,14.42
Bronx,Bronx Park,4,4,36.03,10.16,41.32
Queens,Jamaica Bay,0,4,59.57,14.71,27.09
Bronx,West Farms/Bronx River,0,4,50.75,5.98,17.73
Brooklyn,Bensonhurst West,1,4,25.68,5.85,15.27
Manhattan,Highbridge Park,5,4,40.85,11.21,36.85
Queens,Hammels/Arverne,1,4,40.75,11.6,42.09
Manhattan,Marble Hill,23,4,23.37,6.07,22.32
Brooklyn,Marine Park/Floyd Bennett Field,0,4,42.02,11.14,17.26
Brooklyn,Columbia Street,2,4,17.63,6.88,17.38
Queens,Douglaston,3,4,73.52,2.55,4.9
Queens,East Flushing,3,4,44.65,11.2,18.87
Bronx,Crotona Park East,2,4,16.95,3.36,10.55
Queens,Glendale,22,4,29.72,8.46,19.09
Queens,Kew Gardens Hills,0,4,37.25,8.48,15.28
Brooklyn,Erasmus,2,4,34.47,7.96,19.81
Queens,Fresh Meadows,20,4,39.5,10.6,35.4
Bronx,Van Cortlandt Park,21,4,49.75,15.52,46.01
Queens,Auburndale,21,4,43.82,12.75,36.37
Queens,Forest Park/Highland Park,5,4,40.25,7.08,32.32
Brooklyn,Dyker Heights,2,4,2.56,2.09,5.02
Bronx,Hunts Point,3,4,32.62,8.12,22.41
Brooklyn,Prospect Park,4,4,25.05,7.06,36.9
Brooklyn,Red Hook,2,4,23.73,6.85,37.67
Bronx,University Heights/Morris Heights,1,4,15.55,2.69,15.76
Queens,Howard Beach,2,4,31.95,7.66,24.15
Queens,Willets Point,16,4,31.55,7.55,34.58
Brooklyn,Kensington,3,4,27.88,5.41,26.64
Queens,Ozone Park,2,4,42.42,12.0,37.2
Brooklyn,Columbia Street,5,3,28.2,6.69,23.06
Bronx,Pelham Bay,22,3,43.5,12.23,54.34
Queens,Breezy Point/Fort Tilden/Riis Beach,8,3,53.5,14.8,61.97
Queens,Jamaica Bay,10,3,32.4,7.8,15.02
Queens,Willets Point,19,3,27.4,3.85,7.93
Bronx,Crotona Park,10,3,47.83,13.73,74.24
Queens,Oakland Gardens,20,3,52.33,10.27,45.47
Brooklyn,Prospect Park,2,3,17.23,3.41,13.36
Staten Island,Great Kills,21,3,3.47,0.18,0.91
Staten Island,Bloomfield/Emerson Hill,16,3,58.3,13.28,32.01
Staten Island,Mariners Harbor,14,3,22.5,2.47,29.08
Staten Island,New Dorp/Midland Beach,4,3,70.0,20.92,31.48
Brooklyn,Prospect Park,3,3,15.9,2.55,11.74
Queens,Oakland Gardens,22,3,78.53,20.59,53.77
Queens,Astoria Park,21,3,70.0,4.83,9.06
EWR,Newark Airport,4,3,78.34,6.41,12.95
Brooklyn,Sunset Park East,23,3,51.5,15.73,54.06
Staten Island,New Dorp/Midland Beach,16,3,25.01,11.61,37.26
Brooklyn,Starrett City,2,3,40.5,12.97,39.08
Staten Island,Port Richmond,15,3,47.67,10.57,42.51
Brooklyn,Ocean Parkway South,0,3,297.67,2.07,14.02
EWR,Newark Airport,1,3,67.17,14.71,22.91
Queens,Broad Channel,8,3,52.0,8.18,36.84
Brooklyn,Green-Wood Cemetery,14,3,23.17,3.13,18.7
Staten Island,Oakwood,3,3,23.53,5.32,16.84
Staten Island,South Beach/Dongan Hills,18,3,21.17,10.78,31.69
Staten Island,South Beach/Dongan Hills,19,3,8.69,1.63,5.87
Bronx,Pelham Bay Park,11,3,71.83,18.77,60.41
Queens,Kew Gardens Hills,3,3,47.67,6.28,33.54
Brooklyn,Gravesend,1,3,84.17,7.18,20.88
Brooklyn,Marine Park/Mill Basin,2,3,27.37,4.63,21.47
Brooklyn,Erasmus,1,3,24.47,4.5,21.16
Brooklyn,Marine Park/Floyd Bennett Field,17,3,39.63,8.05,39.42
Staten Island,Arrochar/Fort Wadsworth,2,3,73.0,6.28,14.34
Queens,Laurelton,2,3,46.17,13.47,39.89
Queens,Saint Michaels Cemetery/Woodside,3,3,79.63,11.89,53.93
Brooklyn,Green-Wood Cemetery,13,3,34.27,7.46,44.31
Brooklyn,East New York/Pennsylvania Avenue,2,3,25.9,5.32,18.85
Brooklyn,Marine Park/Floyd Bennett Field,5,3,32.23,6.66,12.21
Brooklyn,Manhattan Beach,23,3,35.4,9.48,28.81
Queens,College Point,2,3,30.57,6.98,18.54
Queens,Woodhaven,2,3,13.5,1.91,12.32
Bronx,Riverdale/North Riverdale/Fieldston,23,3,51.33,10.05,19.98
Manhattan,Highbridge Park,6,3,41.83,11.63,40.51
Queens,Douglaston,1,3,50.97,11.65,15.22
Bronx,Claremont/Bathgate,2,3,23.8,5.16,14.77
Manhattan,Highbridge Park,4,3,47.7,9.94,16.51
Manhattan,Highbridge Park,2,3,31.0,7.23,17.88
Brooklyn,Gravesend,0,3,31.4,8.52,38.64
Bronx,Crotona Park East,3,3,36.5,12.37,33.8
Queens,Glendale,0,3,84.07,3.08,16.56
Queens,College Point,1,3,38.33,8.31,20.86
Bronx,Van Cortlandt Village,1,3,50.97,2.67,11.43
Bronx,Norwood,2,3,37.3,11.16,33.46
Queens,Murray Hill-Queens,4,3,36.6,9.24,23.53
Bronx,City Island,5,3,49.5,13.47,41.39
Bronx,Crotona Park,5,3,43.5,12.47,38.44
Bronx,Crotona Park,4,3,43.5,13.23,55.85
Bronx,Country Club,19,3,27.9,6.5,21.88
Bronx,Woodlawn/Wakefield,1,3,42.9,8.46,17.37
Queens,Douglaston,23,3,85.07,15.27,25.13
Queens,East Flushing,4,3,28.07,7.88,40.24
Queens,Bay Terrace/Fort Totten,2,3,52.93,14.11,19.8
Queens,Rosedale,1,3,17.87,4.52,13.61
Bronx,Bronx Park,0,3,50.6,6.18,13.48
Bronx,West Farms/Bronx River,1,3,29.5,6.7,19.97
Bronx,Fordham South,2,3,24.69,4.54,17.24
Brooklyn,Gowanus,3,3,13.5,1.7,13.39
Manhattan,Highbridge Park,20,3,41.67,8.82,29.42
Manhattan,Highbridge Park,19,3,45.67,7.69,30.38
Queens,Jamaica Bay,19,3,54.27,13.74,41.68
Brooklyn,Marine Park/Floyd Bennett Field,6,3,51.3,13.06,18.95
Brooklyn,Bensonhurst West,0,3,20.73,3.92,12.32
Brooklyn,Manhattan Beach,1,3,24.8,5.39,13.9
Brooklyn,Madison,23,3,32.9,7.66,30.66
Brooklyn,Madison,22,3,36.13,6.96,37.76
Bronx,Van Nest/Morris Park,2,3,30.97,8.93,20.22
Queens,Willets Point,11,3,65.17,7.56,18.59
Bronx,Westchester Village/Unionport,0,3,16.67,1.81,9.44
Bronx,Pelham Bay Park,10,3,26.03,5.23,26.96
Queens,Murray Hill-Queens,0,3,24.47,5.79,13.11
Queens,Murray Hill-Queens,2,3,20.73,4.04,12.42
Staten Island,Arrochar/Fort Wadsworth,9,3,3.34,7.31,34.2
Brooklyn,Ocean Parkway South,2,3,78.6,6.96,20.03
Brooklyn,Ocean Parkway South,21,3,26.0,8.0,23.06
Staten Island,Westerleigh,15,3,35.5,8.43,43.0
Bronx,Woodlawn/Wakefield,2,3,28.4,6.82,23.36
Queens,Bellerose,2,3,14.67,3.08,6.8
Queens,Hillcrest/Pomonok,0,3,30.97,11.03,32.93
Bronx,Eastchester,3,3,45.5,12.17,51.3
Queens,Willets Point,14,3,55.33,11.22,58.33
Queens,East Flushing,18,3,34.53,9.27,41.48
Bronx,Bronx Park,23,3,12.43,1.48,6.29
Queens,East Flushing,22,3,51.1,10.24,54.57
Bronx,Belmont,23,3,27.47,8.32,22.03
Brooklyn,Homecrest,0,3,36.53,3.16,8.21
Bronx,Westchester Village/Unionport,1,3,35.2,8.15,51.49
Bronx,Soundview/Castle Hill,2,3,27.27,6.1,20.13
Bronx,Van Cortlandt Village,3,3,49.43,9.67,21.64
Bronx,Crotona Park,15,3,23.83,3.7,45.94
Queens,Hollis,22,3,36.17,10.57,35.16
Bronx,Longwood,1,3,20.1,2.68,18.89
Brooklyn,Homecrest,23,3,27.93,6.82,33.54
Queens,Bayside,22,3,92.7,21.31,70.66
Bronx,City Island,7,3,59.33,14.97,54.54
Brooklyn,Dyker Heights,4,3,19.47,4.84,22.54
Queens,Breezy Point/Fort Tilden/Riis Beach,16,3,65.6,13.33,55.82
Bronx,Crotona Park,13,3,31.17,7.1,43.87
Staten Island,Heartland Village/Todt Hill,15,3,7.67,1.04,5.98
Brooklyn,Manhattan Beach,0,3,25.14,8.46,18.37
Brooklyn,Prospect Park,1,3,15.6,2.96,11.3
Bronx,City Island,22,3,57.83,15.67,64.33
Staten Island,Heartland Village/Todt Hill,12,3,49.67,11.06,36.92
Queens,Forest Park/Highland Park,15,3,50.0,6.46,22.04
Queens,Forest Park/Highland Park,20,3,14.93,3.08,15.61
Queens,Forest Park/Highland Park,21,3,43.33,11.4,32.98
Queens,Fresh Meadows,0,3,20.9,5.31,14.88
Manhattan,Inwood Hill Park,21,3,48.17,14.77,43.55
Staten Island,Heartland Village/Todt Hill,14,2,38.26,12.54,39.31
Staten Island,Eltingville/Annadale/Prince's Bay,11,2,86.3,21.52,45.66
Staten Island,Eltingville/Annadale/Prince's Bay,18,2,3.7,0.24,0.93
Staten Island,Freshkills Park,18,2,3.7,0.34,0.65
Queens,Ozone Park,3,2,21.65,4.94,15.02
Manhattan,Roosevelt Island,2,2,32.4,7.6,20.12
Staten Island,Heartland Village/Todt Hill,19,2,25.5,14.03,21.48
Staten Island,Mariners Harbor,5,2,43.5,11.7,44.38
Staten Island,Grymes Hill/Clifton,7,2,49.9,12.58,29.38
Staten Island,Grymes Hill/Clifton,14,2,51.3,11.92,35.52
Staten Island,Mariners Harbor,12,2,162.55,14.2,29.53
Staten Island,New Dorp/Midland Beach,3,2,46.3,12.31,22.72
Brooklyn,Homecrest,3,2,43.25,22.1,36.09
Queens,Saint Michaels Cemetery/Woodside,2,2,51.6,3.17,8.64
Brooklyn,Green-Wood Cemetery,16,2,24.0,2.0,23.72
Bronx,Crotona Park,16,2,43.0,11.45,77.72
Queens,Broad Channel,12,2,48.5,20.85,85.42
Bronx,Spuyten Duyvil/Kingsbridge,1,2,11.05,2.0,7.15
Bronx,Bedford Park,2,2,10.35,1.76,7.18
Bronx,Van Cortlandt Park,2,2,5.45,0.56,3.48
Queens,Hollis,0,2,57.75,7.21,17.7
Queens,Hillcrest/Pomonok,2,2,12.8,3.02,7.78
Queens,Breezy Point/Fort Tilden/Riis Beach,13,2,37.5,9.8,24.39
Queens,Breezy Point/Fort Tilden/Riis Beach,15,2,51.0,15.0,58.09
Queens,Bellerose,3,2,73.15,15.6,57.68
Queens,Bellerose,4,2,32.25,9.4,51.11
Queens,Bellerose,0,2,47.9,14.34,45.54
Bronx,Westchester Village/Unionport,2,2,51.0,11.65,39.66
Queens,Broad Channel,9,2,45.5,13.7,71.42
Queens,Broad Channel,10,2,50.4,17.72,69.1
Queens,Broad Channel,11,2,37.0,11.75,45.02
Manhattan,Marble Hill,3,2,43.6,13.54,50.42
Queens,Willets Point,9,2,54.15,7.65,46.52
Queens,Willets Point,10,2,58.9,11.86,38.12
Bronx,Belmont,2,2,16.7,2.66,9.3
Brooklyn,Madison,0,2,24.7,5.35,22.71
Brooklyn,Madison,4,2,47.5,11.2,88.41
Bronx,Rikers Island,14,2,47.65,8.43,27.62
Queens,Cambria Heights,2,2,43.8,8.02,16.05
Bronx,Rikers Island,12,2,34.85,9.59,24.33
Manhattan,Highbridge Park,22,2,41.75,3.22,11.17
Bronx,Longwood,23,2,22.5,5.6,22.58
Bronx,Bronx Park,1,2,25.05,6.41,9.52
Queens,Bay Terrace/Fort Totten,22,2,35.55,9.16,12.49
Queens,Bayside,4,2,25.7,9.46,28.56
Queens,East Flushing,0,2,36.5,9.8,31.03
Queens,Jamaica Bay,12,2,46.4,16.83,29.98
Brooklyn,Marine Park/Floyd Bennett Field,1,2,52.0,13.92,18.93
Queens,Rockaway Park,2,2,43.85,2.22,6.41
Brooklyn,Bensonhurst East,0,2,26.25,5.67,26.48
Brooklyn,Bensonhurst East,1,2,41.5,12.1,25.48
Manhattan,Highbridge Park,0,2,9.65,1.6,7.68
Bronx,Crotona Park,21,2,44.5,13.9,62.15
Bronx,Crotona Park,22,2,40.0,11.4,49.48
Bronx,Schuylerville/Edgewater Park,3,2,43.6,11.44,16.92
Queens,Douglaston,4,2,46.8,13.62,36.65
Queens,Willets Point,17,2,59.7,12.94,48.01
Queens,Willets Point,21,2,59.2,14.48,25.93
Queens,Willets Point,22,2,60.0,8.49,15.88
Queens,Jamaica Bay,8,2,44.5,7.22,22.79
Queens,Jamaica Bay,11,2,42.1,10.54,38.31
Staten Island,Arrochar/Fort Wadsworth,3,2,17.75,6.72,20.24
Staten Island,Arrochar/Fort Wadsworth,4,2,0.01,1.91,3.98
Staten Island,Arrochar/Fort Wadsworth,6,2,50.2,9.68,28.24
Queens,Jamaica Bay,21,2,51.2,14.57,30.38
Brooklyn,Borough Park,1,2,17.95,2.85,14.87
Brooklyn,Borough Park,2,2,15.6,2.19,14.67
Brooklyn,Borough Park,3,2,23.3,5.2,14.72
Queens,Kew Gardens Hills,2,2,25.05,5.8,14.31
Queens,Bellerose,22,2,25.05,3.74,21.41
Queens,Glen Oaks,1,2,18.4,4.01,11.4
Queens,Breezy Point/Fort Tilden/Riis Beach,10,2,69.0,17.9,79.64
Bronx,Pelham Bay Park,2,2,27.5,6.92,13.13
Bronx,Pelham Bay,0,2,57.0,20.8,63.42
Queens,Auburndale,0,2,90.3,15.0,28.08
Staten Island,Arrochar/Fort Wadsworth,1,2,0.01,2.68,11.61
Manhattan,Battery Park,4,2,25.05,5.64,13.05
Staten Island,Saint George/New Brighton,12,2,45.1,9.7,45.5
Staten Island,Saint George/New Brighton,15,2,46.85,9.14,77.92
Brooklyn,Windsor Terrace,2,2,10.0,1.78,5.92
Brooklyn,Windsor Terrace,3,2,21.42,4.15,10.48
Bronx,Parkchester,2,2,41.4,12.66,27.41
Bronx,Pelham Bay Park,13,2,36.65,12.26,29.06
Bronx,Crotona Park,19,2,23.5,3.75,22.38
Queens,Breezy Point/Fort Tilden/Riis Beach,7,2,48.5,10.2,53.12
Bronx,Pelham Bay Park,19,2,43.0,13.15,56.95
Bronx,Pelham Bay Park,21,2,37.45,5.73,20.91
Bronx,Fordham South,3,2,33.25,10.65,67.28
Staten Island,Westerleigh,8,2,55.85,3.86,15.32
Staten Island,Westerleigh,10,2,55.0,9.3,42.92
Staten Island,New Dorp/Midland Beach,12,2,23.15,3.48,35.38
Queens,Astoria Park,0,2,60.0,4.74,11.31
Queens,Astoria Park,1,2,6.15,0.86,3.26
Staten Island,Oakwood,20,2,4.4,0.41,1.1
Queens,Astoria Park,13,2,67.95,12.04,37.02
Queens,Queensboro Hill,0,2,48.95,6.1,14.91
Queens,Queensboro Hill,1,2,50.1,7.8,15.28
Bronx,Norwood,1,2,35.0,8.5,22.04
Bronx,Van Nest/Morris Park,3,2,38.4,12.62,34.78
Bronx,Van Cortlandt Park,23,2,34.5,8.85,34.37
Bronx,Hunts Point,1,2,19.65,3.26,14.84
Bronx,Fordham South,23,2,42.5,16.45,42.28
Queens,Breezy Point/Fort Tilden/Riis Beach,17,2,65.0,19.05,85.07
Queens,Forest Park/Highland Park,4,2,26.7,1.73,8.86
Brooklyn,Sheepshead Bay,0,2,27.24,6.36,39.24
Queens,Oakland Gardens,1,2,39.4,7.6,15.2
Queens,Oakland Gardens,4,2,36.0,11.7,23.52
Queens,Oakland Gardens,5,2,55.5,15.1,60.41
Brooklyn,Ocean Parkway South,22,2,30.5,6.85,32.91
Staten Island,Bloomfield/Emerson Hill,19,2,60.75,17.51,37.26
Staten Island,Charleston/Tottenville,9,2,4.75,0.44,1.5
Staten Island,Great Kills,2,2,31.5,8.49,21.6
Staten Island,Grymes Hill/Clifton,3,2,20.75,2.06,16.16
Staten Island,Bloomfield/Emerson Hill,7,2,22.0,3.64,12.82
Staten Island,Bloomfield/Emerson Hill,9,2,22.0,0.55,15.22
Staten Island,Bloomfield/Emerson Hill,10,2,23.0,3.2,16.92
Manhattan,Randalls Island,3,2,75.0,7.46,7.68
Bronx,City Island,6,2,50.5,16.7,92.98
Brooklyn,Cobble Hill,3,2,15.25,2.92,10.64
Brooklyn,Cobble Hill,4,2,35.2,8.88,17.1
Queens,Forest Park/Highland Park,22,2,19.45,4.07,12.99
Queens,Breezy Point/Fort Tilden/Riis Beach,22,2,32.55,4.93,11.75
Manhattan,Inwood Hill Park,6,2,11.4,1.59,9.48
Staten Island,Stapleton,20,2,4.4,0.44,1.24
Staten Island,Stapleton,0,2,42.0,10.95,17.32
Staten Island,Stapleton,3,2,62.5,17.7,52.81
Staten Island,Stapleton,1,1,43.5,12.3,51.68
Staten Island,South Beach/Dongan Hills,10,1,21.9,2.5,25.55
Staten Island,New Dorp/Midland Beach,0,1,46.65,16.37,32.57
Staten Island,Mariners Harbor,17,1,205.0,0.49,0.77
Staten Island,Mariners Harbor,16,1,18.5,1.5,14.4
Staten Island,Heartland Village/Todt Hill,2,1,32.5,8.2,28.05
Staten Island,Heartland Village/Todt Hill,0,1,10.0,1.88,6.32
Staten Island,Grymes Hill/Clifton,18,1,84.5,21.7,84.73
Staten Island,Grymes Hill/Clifton,16,1,19.1,3.74,13.88
Staten Island,Grymes Hill/Clifton,10,1,65.5,22.7,52.4
Staten Island,New Dorp/Midland Beach,9,1,47.5,11.8,65.13
Staten Island,New Dorp/Midland Beach,5,1,186.4,50.98,78.05
Staten Island,Oakwood,4,1,14.9,3.21,7.88
Staten Island,West Brighton,10,1,23.5,1.6,26.17
Queens,Broad Channel,7,1,70.0,15.87,97.28
Queens,Broad Channel,6,1,60.5,15.9,54.2
Bronx,Rikers Island,23,1,52.0,7.38,15.65
Bronx,Rikers Island,20,1,41.5,12.22,22.0
Bronx,Rikers Island,19,1,19.1,5.72,13.35
Bronx,Rikers Island,17,1,70.0,10.67,64.6
Queens,Breezy Point/Fort Tilden/Riis Beach,20,1,14.9,3.31,7.18
Queens,Fresh Meadows,3,1,15.6,3.7,3.7
Queens,Fresh Meadows,1,1,100.0,21.91,25.93
Queens,Forest Park/Highland Park,3,1,15.6,3.2,8.63
Queens,Breezy Point/Fort Tilden/Riis Beach,18,1,24.0,2.4,28.38
Bronx,Van Cortlandt Village,2,1,22.5,3.1,10.22
Bronx,Pelham Bay Park,20,1,290.0,90.24,122.07
Bronx,Pelham Bay Park,18,1,27.5,5.1,34.97
Manhattan,Inwood Hill Park,3,1,3.7,0.2,0.7
Manhattan,Inwood Hill Park,1,1,5.1,0.74,1.75
Manhattan,Inwood Hill Park,0,1,67.5,19.9,55.77
Queens,Breezy Point/Fort Tilden/Riis Beach,6,1,71.5,23.1,65.02
Queens,Breezy Point/Fort Tilden/Riis Beach,5,1,37.5,8.3,35.53
Queens,Forest Park/Highland Park,1,1,16.8,1.8,5.28
Bronx,Pelham Bay Park,17,1,25.5,4.1,18.67
Bronx,Pelham Bay Park,14,1,91.2,24.11,53.33
Queens,Glen Oaks,0,1,70.2,18.52,30.03
Queens,Glendale,2,1,3.5,0.2,1.48
Manhattan,Highbridge Park,1,1,35.9,9.39,13.55
Brooklyn,Green-Wood Cemetery,21,1,8.6,1.1,6.3
Staten Island,South Beach/Dongan Hills,9,1,33.8,23.6,17.17
Staten Island,South Beach/Dongan Hills,7,1,50.5,14.6,45.4
Bronx,Rikers Island,8,1,61.8,12.06,65.05
Queens,Cambria Heights,3,1,5.8,0.49,4.05
Brooklyn,Green-Wood Cemetery,0,1,32.4,7.51,17.73
Queens,Breezy Point/Fort Tilden/Riis Beach,12,1,42.5,11.6,37.55
Bronx,Pelham Bay Park,23,1,36.6,9.3,20.17
Bronx,Pelham Bay Park,22,1,63.2,16.69,26.5
Queens,Hillcrest/Pomonok,1,1,38.5,12.0,56.72
Queens,Hollis,1,1,41.5,11.7,31.13
Bronx,Van Cortlandt Park,1,1,60.0,7.88,11.78
Bronx,Van Cortlandt Park,0,1,36.5,9.7,17.95
Bronx,Pelham Parkway,2,1,35.5,7.9,27.35
Bronx,Riverdale/North Riverdale/Fieldston,1,1,58.5,17.3,63.7
Bronx,Spuyten Duyvil/Kingsbridge,3,1,44.5,11.9,20.58
Bronx,Spuyten Duyvil/Kingsbridge,2,1,72.5,20.6,51.92
Queens,Broad Channel,18,1,66.5,18.4,49.83
Queens,Broad Channel,15,1,31.5,5.0,15.4
Queens,Broad Channel,14,1,36.5,12.9,53.77
Bronx,Longwood,3,1,43.6,10.44,26.68
Bronx,Longwood,2,1,21.9,5.05,11.78
Brooklyn,Green-Wood Cemetery,17,1,57.5,17.6,80.12
Brooklyn,Green-Wood Cemetery,15,1,53.5,16.2,114.43
Brooklyn,Green-Wood Cemetery,12,1,37.3,6.27,38.02
Brooklyn,Green-Wood Cemetery,10,1,36.5,9.1,63.7
Brooklyn,Green-Wood Cemetery,9,1,36.5,10.3,77.78
Brooklyn,Homecrest,2,1,70.0,0.48,2.5
Brooklyn,Green-Wood Cemetery,23,1,45.0,10.9,28.07
Manhattan,Governor's Island/Ellis Island/Liberty Island,12,1,40.8,17.19,34.88
Manhattan,Governor's Island/Ellis Island/Liberty Island,11,1,31.7,7.22,28.08
Brooklyn,Green-Wood Cemetery,20,1,15.6,2.91,14.4
Bronx,Crotona Park,18,1,27.5,3.4,33.42
Manhattan,Governor's Island/Ellis Island/Liberty Island,17,1,6.5,0.64,10.15
Manhattan,Governor's Island/Ellis Island/Liberty Island,14,1,52.0,13.72,39.77
Manhattan,Governor's Island/Ellis Island/Liberty Island,13,1,56.9,23.75,37.37
Queens,Whitestone,2,1,33.1,7.63,15.7
Queens,Willets Point,15,1,13.5,2.66,8.12
Bronx,Bronx Park,22,1,63.2,15.79,32.5
Brooklyn,Madison,1,1,8.6,1.42,5.65
Manhattan,Governor's Island/Ellis Island/Liberty Island,21,1,40.1,17.38,27.5
Brooklyn,Bath Beach,1,1,75.1,20.25,28.22
Brooklyn,Bath Beach,0,1,7.2,0.66,5.62
Queens,Willets Point,8,1,37.5,9.0,40.47
Queens,Willets Point,7,1,38.5,9.7,57.98
Queens,Willets Point,6,1,54.5,6.8,89.53
Queens,Willets Point,1,1,33.8,10.77,19.15
Manhattan,Marble Hill,1,1,10.0,1.79,7.4
Manhattan,Marble Hill,0,1,39.4,9.33,20.52
Bronx,Bronxdale,3,1,41.5,13.0,57.12
Queens,Rockaway Park,1,1,43.6,8.0,30.35
Queens,Bay Terrace/Fort Totten,4,1,50.5,12.7,41.22
Queens,Bay Terrace/Fort Totten,3,1,50.6,11.51,30.72
Queens,Bayside,2,1,16.3,3.29,8.4
Queens,Bayside,1,1,5.8,0.73,3.43
Brooklyn,Bath Beach,23,1,38.7,8.97,22.93
Manhattan,Governor's Island/Ellis Island/Liberty Island,3,1,17.7,3.42,14.77
Queens,Jamaica Bay,6,1,58.5,19.2,41.23
Queens,Jamaica Bay,4,1,70.0,18.98,26.28
Queens,Jamaica Bay,1,1,100.0,2.37,6.58
Brooklyn,Manhattan Beach,4,1,63.5,20.0,50.88
Brooklyn,Manhattan Beach,3,1,56.5,5.4,95.62
Queens,Jamaica Bay,16,1,320.0,5.33,14.55
Bronx,Co-Op City,2,1,39.5,9.1,26.0
Queens,Jamaica Bay,15,1,59.7,12.71,56.07
Queens,Jamaica Bay,7,1,51.5,13.5,65.13
Queens,Willets Point,20,1,200.0,35.47,39.08
Brooklyn,Columbia Street,3,1,18.4,4.08,11.22
Queens,College Point,4,1,43.5,11.3,38.68
Queens,College Point,3,1,33.8,7.99,20.57
Queens,Kew Gardens Hills,1,1,15.6,2.21,11.62
Brooklyn,Brighton Beach,3,1,44.5,13.5,39.75
Brooklyn,Brighton Beach,2,1,7.2,0.84,4.9
Brooklyn,Brighton Beach,0,1,21.5,2.1,10.23
Queens,Jamaica Estates,1,1,125.0,29.51,35.62
Queens,Jamaica Bay,22,1,88.4,24.44,34.17
Queens,Douglaston,0,1,199.7,55.9,83.05
Staten Island,Arrochar/Fort Wadsworth,7,1,8.02,1.47,6.5
Staten Island,Stapleton,15,1,51.5,12.8,57.08
Staten Island,Stapleton,10,1,80.7,21.44,39.83
Staten Island,Arden Heights,19,1,13.5,2.31,10.83
Staten Island,Arden Heights,9,1,24.0,5.15,21.72
Staten Island,Arden Heights,4,1,24.5,4.0,22.58
Staten Island,Bloomfield/Emerson Hill,2,1,36.5,9.6,24.13
Queens,Auburndale,3,1,40.5,11.9,59.5
Queens,Auburndale,1,1,5.1,0.73,1.12
Bronx,Pelham Bay,3,1,36.5,4.0,21.75
Bronx,Pelham Bay,2,1,14.9,2.8,11.6
Bronx,Pelham Bay Park,0,1,35.2,9.13,11.97
Staten Island,Bloomfield/Emerson Hill,1,1,76.5,25.8,72.0
Staten Island,Arrochar/Fort Wadsworth,19,1,0.01,4.21,6.83
Staten Island,Saint George/New Brighton,17,1,81.4,19.55,52.98
Staten Island,Saint George/New Brighton,9,1,31.5,5.1,37.33
Staten Island,Saint George/New Brighton,3,1,68.5,22.4,56.4
Staten Island,Saint George/New Brighton,2,1,64.5,21.0,63.2
Staten Island,Saint George/New Brighton,1,1,92.5,27.4,58.98
Staten Island,Rossville/Woodrow,4,1,10.0,2.02,6.03
Staten Island,New Dorp/Midland Beach,19,1,5.1,0.58,2.23
Staten Island,New Dorp/Midland Beach,17,1,28.2,6.08,22.75
Queens,Astoria Park,7,1,70.0,4.89,11.53
Bronx,Country Club,0,1,19.1,4.68,5.82
Brooklyn,Midwood,2,1,12.8,2.75,7.17
Queens,Laurelton,1,1,46.5,14.1,34.97
Brooklyn,Marine Park/Mill Basin,3,1,41.5,11.4,31.2
Brooklyn,Sunset Park East,3,1,47.5,14.5,47.82
Brooklyn,Ocean Parkway South,1,1,19.8,4.65,10.5
EWR,Newark Airport,3,1,95.1,19.54,34.87
Staten Island,New Dorp/Midland Beach,14,1,0.01,9.73,53.68
Staten Island,New Dorp/Midland Beach,13,1,24.5,4.7,28.23
Staten Island,New Dorp/Midland Beach,10,1,0.01,9.72,58.03
Staten Island,South Beach/Dongan Hills,4,1,98.2,26.82,46.57
Staten Island,Saint George/New Brighton,23,1,7.2,0.89,4.85
Staten Island,Saint George/New Brighton,20,1,11.4,2.01,9.92
Staten Island,Westerleigh,12,1,154.9,26.85,37.0
Staten Island,Westerleigh,11,1,21.9,4.5,14.47
Staten Island,Westerleigh,5,1,97.5,26.42,39.43
Staten Island,Port Richmond,9,1,22.5,2.0,17.57
Queens,Astoria Park,6,1,70.0,6.23,17.15
Queens,Astoria Park,5,1,70.0,6.99,13.0
Queens,Astoria Park,4,1,16.3,3.8,6.07
Queens,Astoria Park,2,1,17.0,3.05,14.45
Queens,Murray Hill-Queens,1,1,29.34,9.76,22.35
Staten Island,Oakwood,21,1,5.1,0.48,1.9
Bronx,Allerton/Pelham Gardens,1,1,46.5,25.2,64.62
Staten Island,Westerleigh,14,1,24.7,5.7,13.3
Staten Island,Charleston/Tottenville,13,1,33.8,33.98,18.02
Staten Island,Charleston/Tottenville,11,1,46.5,13.3,29.3
Staten Island,Bloomfield/Emerson Hill,23,1,33.1,8.62,9.75
Staten Island,Bloomfield/Emerson Hill,22,1,89.5,26.1,58.87
Staten Island,Bloomfield/Emerson Hill,21,1,162.6,37.28,49.57
Staten Island,Bloomfield/Emerson Hill,18,1,35.5,9.7,23.53
Queens,Queensboro Hill,3,1,67.4,18.11,26.23
Queens,Queensboro Hill,2,1,29.6,7.17,13.53
Queens,Oakland Gardens,0,1,147.0,19.4,31.08
Brooklyn,Sheepshead Bay,2,1,11.0,0.77,3.53
Brooklyn,Sheepshead Bay,1,1,29.5,6.6,17.82
Bronx,City Island,3,1,40.5,7.8,60.37
Bronx,City Island,0,1,73.5,27.4,70.03
Manhattan,Randalls Island,5,1,70.0,15.47,27.38
Manhattan,Randalls Island,4,1,54.0,5.53,6.83
Manhattan,Randalls Island,2,1,70.0,4.9,14.97
Staten Island,Bloomfield/Emerson Hill,15,1,3.7,0.24,0.63
Staten Island,Bloomfield/Emerson Hill,11,1,53.8,8.75,15.62
Staten Island,Bloomfield/Emerson Hill,8,1,7.9,1.05,6.75
Staten Island,Bloomfield/Emerson Hill,6,1,75.0,10.61,18.67
Staten Island,Grymes Hill/Clifton,6,1,22.5,1.0,11.33
Staten Island,Grymes Hill/Clifton,5,1,87.0,23.36,36.15
Staten Island,Grymes Hill/Clifton,4,1,60.0,0.31,0.67
Staten Island,Great Kills,11,1,108.7,27.88,61.12
Staten Island,Great Kills,10,1,4.4,0.34,1.5
Staten Island,Mariners Harbor,11,1,0.01,1.52,2.07
Staten Island,Mariners Harbor,10,1,109.8,23.69,39.78
Staten Island,Mariners Harbor,2,1,81.5,26.7,49.67
Staten Island,Heartland Village/Todt Hill,22,1,15.6,3.18,11.9
Staten Island,Oakwood,19,1,27.5,6.9,17.4
Staten Island,Oakwood,13,1,7.9,1.03,6.5
Staten Island,Oakwood,12,1,31.5,7.8,24.68
Staten Island,Freshkills Park,8,1,90.9,19.11,31.18
Staten Island,Eltingville/Annadale/Prince's Bay,10,1,4.4,0.39,1.58
Staten Island,Eltingville/Annadale/Prince's Bay,9,1,6.5,1.15,1.45
Staten Island,Eltingville/Annadale/Prince's Bay,4,1,87.5,25.4,62.6
Staten Island,Heartland Village/Todt Hill,18,1,98.2,19.01,92.07
Staten Island,Heartland Village/Todt Hill,17,1,93.3,20.12,75.25
Staten Island,Heartland Village/Todt Hill,16,1,31.7,5.47,30.27
Staten Island,Heartland Village/Todt Hill,13,1,20.5,2.5,10.28
Staten Island,Heartland Village/Todt Hill,9,1,20.5,4.0,19.42
Staten Island,Heartland Village/Todt Hill,4,1,70.0,19.95,31.18
Staten Island,West Brighton,3,1,48.5,13.4,36.2
Staten Island,Stapleton,22,1,14.2,2.7,10.98
Staten Island,Stapleton,5,1,5.8,0.84,3.27
Staten Island,Stapleton,9,1,85.6,21.1,57.58
Staten Island,Stapleton,18,1,71.6,18.2,41.82
Staten Island,Westerleigh,19,1,168.0,14.04,30.17
Bronx,Allerton/Pelham Gardens,2,1,48.5,12.41,22.75
